year_week,value,date,y_true,y_pred,pred_std,lower_2std,upper_2std,error
2010-W31,389.045,2010-08-02 00:00:00+00:00,389.045,389.1311055151768,1.0092313449474566,387.11264282528185,391.1495682050717,0.08610551517676868
2010-W32,389.1825,2010-08-09 00:00:00+00:00,389.1825,388.57213036559773,1.054862395998861,386.4624055736,390.68185515759546,-0.6103696344022751
2010-W33,387.8825,2010-08-16 00:00:00+00:00,387.8825,388.09198009078176,1.07677622552585,385.93842763973004,390.2455325418335,0.2094800907817671
2010-W34,387.23,2010-08-23 00:00:00+00:00,387.23,387.66981703103596,1.0991648490135468,385.4714873330089,389.868146729063,0.4398170310359433
2010-W35,386.9525,2010-08-30 00:00:00+00:00,386.9525,387.31930602387223,1.1216116054143044,385.0760828130436,389.56252923470083,0.36680602387224326
2010-W36,385.695,2010-09-06 00:00:00+00:00,385.695,387.0515667792301,1.1436554232739862,384.7642559326821,389.3388776257781,1.3565667792300928
2010-W37,387.19,2010-09-13 00:00:00+00:00,387.19,386.87414344589564,1.1649739226088036,384.54419560067805,389.20409129111323,-0.3158565541043572
2010-W38,386.5825,2010-09-20 00:00:00+00:00,386.5825,386.7905138787341,1.1853697960562124,384.41977428662165,389.16125347084653,0.20801387873410704
2010-W39,387.03,2010-09-27 00:00:00+00:00,387.03,386.79987795613346,1.2047453387212896,384.39038727869087,389.20936863357605,-0.23012204386651547
2010-W40,387.05,2010-10-04 00:00:00+00:00,387.05,386.8972507671155,1.2230751130951443,384.4511005409252,389.3434009933058,-0.15274923288450282
2010-W41,387.0,2010-10-11 00:00:00+00:00,387.0,387.07385831675714,1.2403817842847094,384.5930947481877,389.5546218853266,0.07385831675713916
2010-W42,387.4425,2010-10-18 00:00:00+00:00,387.4425,387.31780528061284,1.2567168500772754,384.8043715804583,389.8312389807674,-0.1246947193871506
2010-W43,387.9575,2010-10-25 00:00:00+00:00,387.9575,387.614958708395,1.272146291106551,385.07066612618195,390.1592512906081,-0.3425412916049595
2010-W44,388.1125,2010-11-01 00:00:00+00:00,388.1125,387.9499712852143,1.28674050927957,385.37649026665514,390.52345230377347,-0.16252871478570796
2010-W45,388.65,2010-11-08 00:00:00+00:00,388.65,388.3073552736045,1.3005677813458871,385.70621971091276,390.90849083629627,-0.34264472639546284
2010-W46,388.9025,2010-11-15 00:00:00+00:00,388.9025,388.67251512871957,1.3136905026047216,386.04513412351014,391.299896133929,-0.2299848712804078
2010-W47,389.385,2010-11-22 00:00:00+00:00,389.385,389.0326532982894,1.3261635744792806,386.38032614933087,391.68498044724794,-0.35234670171058724
2010-W48,389.99,2010-11-29 00:00:00+00:00,389.99,389.3774788857358,1.3380343494840592,386.7014101867677,392.0535475847039,-0.6125211142642115
2010-W49,389.9675,2010-12-06 00:00:00+00:00,389.9675,389.6996706309605,1.3493435920725196,387.00098344681544,392.39835781510556,-0.2678293690394753
2010-W50,389.545,2010-12-13 00:00:00+00:00,389.545,389.9950711798469,1.360126969821901,387.2748172402031,392.71532511949067,0.45007117984687284
2010-W51,390.625,2010-12-20 00:00:00+00:00,390.625,390.2626157769868,1.3704166729033544,387.5217824311801,393.00344912279354,-0.36238422301317996
2010-W52,389.855,2010-12-27 00:00:00+00:00,389.855,390.5040223329219,1.3802428698754696,387.743536593171,393.26450807267287,0.649022332921902
2011-W01,391.9825,2011-01-03 00:00:00+00:00,391.9825,390.72328887133193,1.3896348269576189,387.94401921741667,393.5025585252472,-1.2592111286680847
2011-W02,391.37,2011-01-10 00:00:00+00:00,391.37,390.926057020692,1.398621621754886,388.1288137771822,393.7233002642018,-0.4439429793080194
2011-W03,393.195,2011-01-17 00:00:00+00:00,393.195,391.1189058278564,1.4072324537014296,388.30444092045354,393.93337073525925,-2.0760941721435984
2011-W04,391.335,2011-01-24 00:00:00+00:00,391.335,391.30863895711303,1.4154965914060416,388.4776457743009,394.13963213992514,-0.02636104288694696
2011-W05,392.8225,2011-01-31 00:00:00+00:00,392.8225,391.5016213099902,1.4234430135199934,388.6547352829502,394.3485073370302,-1.3208786900098062
2011-W06,392.1425,2011-02-07 00:00:00+00:00,392.1425,391.70320976732404,1.4310998120892704,388.8410101431455,394.56540939150256,-0.439290232675944
2011-W07,391.8825,2011-02-14 00:00:00+00:00,391.8825,391.91730891769333,1.438493447511219,389.0403220226709,394.79429581271575,0.034808917693339936
2011-W08,392.0675,2011-02-21 00:00:00+00:00,392.0675,392.14606807223976,1.445647970689058,389.2547721308616,395.0373640136179,0.07856807223976148
2011-W09,393.175,2011-02-28 00:00:00+00:00,393.175,392.3897221852007,1.4525843498932816,389.48455348541415,395.29489088498724,-0.7852778147993149
2011-W10,391.69,2011-03-07 00:00:00+00:00,391.69,392.64656775269617,1.4593200411079401,389.7279276704803,395.56520783491203,0.9565677526961736
2011-W11,392.39,2011-03-14 00:00:00+00:00,392.39,392.9130561938386,1.4658689130712315,389.98131836769613,395.84479401998107,0.5230561938386131
2011-W12,392.1925,2011-03-21 00:00:00+00:00,392.1925,393.1839820377376,1.4722415835491887,390.23949887063924,396.128465204836,0.9914820377376259
2011-W13,394.3825,2011-03-28 00:00:00+00:00,394.3825,393.4527414322242,1.4784461542737477,390.4958491236767,396.40963374077165,-0.9297585677758207
2011-W14,394.08958333333334,2011-04-04 00:00:00+00:00,394.08958333333334,393.7116377008155,1.4844892661234128,390.7426591685687,396.6806162330623,-0.37794563251782165
2011-W15,393.7966666666667,2011-04-11 00:00:00+00:00,393.7966666666667,393.9522142309019,1.4903773473355957,390.9714595362307,396.9329689255731,0.15554756423523486
2011-W16,393.1825,2011-04-18 00:00:00+00:00,393.1825,394.1656000074676,1.4961179028535665,391.1733642017605,397.15783581317476,0.9831000074676126
2011-W17,395.155,2011-04-25 00:00:00+00:00,395.155,394.34285863808185,1.5017206912948726,391.3394172554921,397.3463000206716,-0.8121413619181226
2011-W18,393.6975,2011-05-02 00:00:00+00:00,393.6975,394.4753367028265,1.5071986518440483,391.4609393991384,397.4897340065146,0.7778367028265052
2011-W19,392.76,2011-05-09 00:00:00+00:00,392.76,394.5550108613847,1.512568468991455,391.5298739234018,397.5801477993676,1.7950108613846965
2011-W20,395.5525,2011-05-16 00:00:00+00:00,395.5525,394.5748346215209,1.5178506948646309,391.53913323179165,397.61053601125013,-0.9776653784791165
2011-W21,395.3875,2011-05-23 00:00:00+00:00,395.3875,394.52908467866877,1.523069383202552,391.4829459122637,397.57522344507385,-0.858415321331222
2011-W22,394.455,2011-05-30 00:00:00+00:00,394.455,394.4137033005704,1.5282512250876945,391.357200850395,397.4702057507458,-0.04129669942960845
2011-W23,394.7275,2011-06-06 00:00:00+00:00,394.7275,394.2266277973708,1.5334242169478498,391.1597793634751,397.2934762312665,-0.5008722026292389
2011-W24,393.905,2011-06-13 00:00:00+00:00,393.905,393.9680915278463,1.5386159347814794,390.8908596582833,397.0453233974093,0.06309152784632488
2011-W25,393.7000000000001,2011-06-20 00:00:00+00:00,393.7000000000001,393.64087430802687,1.543851539753458,390.55317122851994,396.7285773875338,-0.059125691973235917
2011-W26,392.625,2011-06-27 00:00:00+00:00,392.625,393.25047479912104,1.5491516951794841,390.15217140876206,396.34877818948,0.6254747991210365
2011-W27,393.3666666666666,2011-07-04 00:00:00+00:00,393.3666666666666,392.80517478419864,1.5545306264477168,389.6961135313032,395.9142360370941,-0.5614918824679762
2011-W28,393.385,2011-07-11 00:00:00+00:00,393.385,392.3159662669372,1.5599945887012876,389.1959770895346,395.4359554443398,-1.0690337330627813
2011-W29,391.9725,2011-07-18 00:00:00+00:00,391.9725,391.7963177447404,1.5655410009950157,388.6652357427504,394.92739974673043,-0.17618225525961861
2011-W30,392.505,2011-07-25 00:00:00+00:00,392.505,391.2617659752745,1.5711584455784187,388.11944908411766,394.40408286643134,-1.2432340247254956
2011-W31,391.6975,2011-08-01 00:00:00+00:00,391.6975,390.7293335695162,1.5768276138512782,387.57567834181367,393.88298879721873,-0.9681664304837909
2011-W32,390.865,2011-08-08 00:00:00+00:00,390.865,390.21678965092946,1.5825231256545038,387.0517433996205,393.38183590223844,-0.6482103490705526
2011-W33,390.3025,2011-08-15 00:00:00+00:00,390.3025,389.74178888713,1.5882159911324827,386.56535690486504,392.91822086939493,-0.560711112870024
2011-W34,389.6125,2011-08-22 00:00:00+00:00,389.6125,389.3209412421224,1.5938763683701587,386.13318850538207,392.5086939788627,-0.291558757877624
2011-W35,388.6225,2011-08-29 00:00:00+00:00,388.6225,388.9688784960039,1.5994762273797407,385.76992604124445,392.1678309507634,0.346378496003922
2011-W36,387.4875,2011-09-05 00:00:00+00:00,387.4875,388.69739172652265,1.6049915713516958,385.4874085838193,391.90737486922603,1.2098917265226419
2011-W37,388.655,2011-09-12 00:00:00+00:00,388.655,388.5147148473429,1.6104039722921066,385.29390690275864,391.7355227919271,-0.14028515265709984
2011-W38,389.5575,2011-09-19 00:00:00+00:00,389.5575,388.4250220331473,1.6157013147692287,385.1936194036088,391.65642466268577,-1.1324779668527185
2011-W39,388.91,2011-09-26 00:00:00+00:00,388.91,388.428191531379,1.6208777702062243,385.1864359909666,391.66994707179146,-0.48180846862101134
2011-W40,389.4325,2011-10-03 00:00:00+00:00,389.4325,388.51986618731684,1.6259331190513528,385.26799994921413,391.77173242541954,-0.9126338126831683
2011-W41,389.105,2011-10-10 00:00:00+00:00,389.105,388.69181420721947,1.630871593090528,385.43007102103843,391.9535573934005,-0.4131857927805527
2011-W42,389.26,2011-10-17 00:00:00+00:00,389.26,388.9325652669817,1.6357004319195232,385.66116440314266,392.2039661308208,-0.327434733018265
2011-W43,389.4975,2011-10-24 00:00:00+00:00,389.4975,389.22827039759653,1.6404283510390754,385.9474136955184,392.5091270996747,-0.2692296024034704
2011-W44,389.97,2011-10-31 00:00:00+00:00,389.97,389.5637123987421,1.6450641107294341,386.2735841772832,392.85384062020097,-0.4062876012579295
2011-W45,390.155,2011-11-07 00:00:00+00:00,390.155,389.92337951532903,1.6496153538715113,386.624148807586,393.2226102230721,-0.2316204846709411
2011-W46,390.5975,2011-11-14 00:00:00+00:00,390.5975,390.29251040984167,1.6540878398114276,386.9843347302188,393.60068608946455,-0.3049895901583568
2011-W47,390.91,2011-11-21 00:00:00+00:00,390.91,390.65802354291594,1.6584851375987844,387.3410532677184,393.9749938181135,-0.25197645708408345
2011-W48,391.3766666666667,2011-11-28 00:00:00+00:00,391.3766666666667,391.00925806016534,1.6628087622395116,387.6836405356863,394.33487558464435,-0.3674086065013853
2011-W49,391.61,2011-12-05 00:00:00+00:00,391.61,391.3384742404946,1.667058661040375,388.0043569184138,394.67259156257535,-0.2715257595054368
2011-W50,392.02,2011-12-12 00:00:00+00:00,392.02,391.64108673353843,1.671233904568943,388.29861892440056,394.9835545426763,-0.3789132664615522
2011-W51,392.515,2011-12-19 00:00:00+00:00,392.515,391.9156300570634,1.6753334236232051,388.564963209817,395.26629690430985,-0.599369942936562
2011-W52,392.6825,2011-12-26 00:00:00+00:00,392.6825,392.16348015881744,1.6793566591052718,388.8047668406069,395.522193477028,-0.519019841182569
2012-W01,392.99,2012-01-02 00:00:00+00:00,392.99,392.388291719772,1.6833025151966174,389.0216866893787,395.75489675016524,-0.6017082802280243
2012-W02,394.305,2012-01-09 00:00:00+00:00,394.305,392.5951692238254,1.6871652850335777,389.2208386537582,395.96949979389257,-1.7098307761746128
2012-W03,392.7125,2012-01-16 00:00:00+00:00,392.7125,392.7911302025918,1.6909573159744355,389.4092155706429,396.17304483454063,0.0786302025917962
2012-W04,393.6675,2012-01-23 00:00:00+00:00,393.6675,392.9829631912457,1.6946828561695313,389.59359747890664,396.37232890358473,-0.6845368087543307
2012-W05,392.76,2012-01-30 00:00:00+00:00,392.76,393.1771139734505,1.6983471360081615,389.7804197014342,396.5738082454668,0.4171139734505118
2012-W06,392.105,2012-02-06 00:00:00+00:00,392.105,393.3791070403335,1.7019559853106072,389.9751950697123,396.7830190109547,1.2741070403334902
2012-W07,393.595,2012-02-13 00:00:00+00:00,393.595,393.593086355499,1.7055153521591297,390.18205565118075,397.00411705981725,-0.001913644501030376
2012-W08,394.7275,2012-02-20 00:00:00+00:00,394.7275,393.8214936189274,1.7090307780457619,390.40343206283586,397.2395551750189,-0.9060063810726433
2012-W09,393.86,2012-02-27 00:00:00+00:00,393.86,394.0648886111616,1.7125069076084298,390.63987479594476,397.4899024263785,0.20488861116160706
2012-W10,393.5375,2012-03-05 00:00:00+00:00,393.5375,394.32190450578713,1.7159471235043269,390.8900102587785,397.7537987527958,0.7844045057871085
2012-W11,394.08,2012-03-12 00:00:00+00:00,394.08,394.5893221481114,1.7193533881886949,391.15061537173403,398.0280289244888,0.509322148111437
2012-W12,394.8025,2012-03-19 00:00:00+00:00,394.8025,394.8622416677485,1.7227263442739766,391.41678897920053,398.30769435629645,0.059741667748482996
2012-W13,396.2125,2012-03-26 00:00:00+00:00,396.2125,395.13432749725183,1.726065680167504,391.68219613691684,398.5864588575868,-1.0781725027481457
2012-W14,395.21,2012-04-02 00:00:00+00:00,395.21,395.3981035772471,1.7293707221927352,391.9393621328617,398.8568450216326,0.18810357724714777
2012-W15,397.3025,2012-04-09 00:00:00+00:00,397.3025,395.6452786673057,1.7326411785554805,392.1799963101948,399.11056102441665,-1.6572213326942915
2012-W16,396.555,2012-04-16 00:00:00+00:00,396.555,395.86708641189256,1.7358779410264888,392.39533052983955,399.33884229394556,-0.687913588107449
2012-W17,397.2525,2012-04-23 00:00:00+00:00,397.2525,396.0546301932795,1.7390838464317735,392.5764625004159,399.53279788614304,-1.1978698067205187
2012-W18,397.665,2012-04-30 00:00:00+00:00,397.665,396.1992278482525,1.7422643077616948,392.7146992327291,399.6837564637759,-1.465772151747501
2012-W19,398.35,2012-05-07 00:00:00+00:00,398.35,396.2927551400957,1.7454277378358003,392.8018996644241,399.7836106157673,-2.0572448599043014
2012-W20,397.9325,2012-05-14 00:00:00+00:00,397.9325,396.32798873244104,1.748585703792539,392.83081732485596,399.8251601400261,-1.6045112675589621
2012-W21,396.1325,2012-05-21 00:00:00+00:00,396.1325,396.2989489063752,1.7517527667353459,392.7954433729045,399.80245443984586,0.16644890637519438
2012-W22,396.3275,2012-05-28 00:00:00+00:00,396.3275,396.2012393330355,1.7549459782318255,392.69134737657185,399.7111312894992,-0.1262606669644697
2012-W23,396.175,2012-06-04 00:00:00+00:00,396.175,396.0323762235807,1.7581840267430986,392.5160081700945,399.5487442770669,-0.14262377641932744
2012-W24,396.6175,2012-06-11 00:00:00+00:00,396.6175,395.7920928891712,1.7614860552811538,392.2691207786089,399.3150649997335,-0.8254071108287917
2012-W25,396.495,2012-06-18 00:00:00+00:00,396.495,395.4825991990678,1.7648702096556976,391.9528587797564,399.0123396183792,-1.0124008009321983
2012-W26,395.995,2012-06-25 00:00:00+00:00,395.995,395.1087699127697,1.7683520249259066,391.57206586291784,398.6454739626215,-0.8862300872303308
2012-W27,394.3975,2012-07-02 00:00:00+00:00,394.3975,394.6782326383713,1.7719428104407213,391.13434701748986,398.22211825925274,0.2807326383713189
2012-W28,395.265,2012-07-09 00:00:00+00:00,395.265,394.2013263701687,1.7756482386135681,390.6500298929416,397.75262284739586,-1.0636736298312712
2012-W29,394.2825,2012-07-16 00:00:00+00:00,394.2825,393.6909059349659,1.7794673610458587,390.1319712128742,397.2498406570576,-0.591594065034144
2012-W30,393.4275,2012-07-23 00:00:00+00:00,393.4275,393.16197651354963,1.7833922498586177,389.5951920138324,396.7287610132669,-0.2655234864503768
2012-W31,392.94,2012-07-30 00:00:00+00:00,392.94,392.63115534522734,1.7874083849850806,389.0563385752572,396.2059721151975,-0.3088446547726562
2012-W32,393.26,2012-08-06 00:00:00+00:00,393.26,392.1159737768998,1.7914957885813816,388.53298219973703,395.6989653540626,-1.1440262231001839
2012-W33,393.105,2012-08-13 00:00:00+00:00,393.105,391.6340504160857,1.7956307725707465,388.0427888709442,395.2253119612272,-1.4709495839143187
2012-W34,390.83,2012-08-20 00:00:00+00:00,390.83,391.2021832417035,1.7997880513105446,387.6026071390824,394.8017593443246,0.37218324170351025
2012-W35,391.8725,2012-08-27 00:00:00+00:00,391.8725,390.8354228560369,1.8039429103970028,387.2275370352429,394.44330867683095,-1.0370771439630744
2012-W36,391.605,2012-09-03 00:00:00+00:00,391.605,390.54619843821496,1.808073130804745,386.93005217660544,394.1623446998245,-1.0588015617850601
2012-W37,398.3775,2012-09-10 00:00:00+00:00,398.3775,390.3435705836113,1.8121604370151452,386.71924970958105,393.9678914576416,-8.033929416388673
2012-W38,391.05,2012-09-17 00:00:00+00:00,391.05,390.2326799899624,1.8161913427807,386.60029730440095,393.8650626755238,-0.8173200100376334
2012-W39,391.02,2012-09-24 00:00:00+00:00,391.02,390.21444774841297,1.8201573762044467,386.5741329960041,393.85476250082183,-0.8055522515870166
2012-W40,390.9275,2012-10-01 00:00:00+00:00,390.9275,390.2855627215344,1.8240547518383974,386.6374532178576,393.9336722252112,-0.6419372784656048
2012-W41,390.73,2012-10-08 00:00:00+00:00,390.73,390.43876611805393,1.8278836109682746,386.78299889611736,394.0945333399905,-0.29123388194608424
2012-W42,390.99,2012-10-15 00:00:00+00:00,390.99,390.6634156410168,1.8316469765847743,387.00012168784724,394.32670959418635,-0.3265843589832116
2012-W43,391.425,2012-10-22 00:00:00+00:00,391.425,390.94628475884605,1.8353495775515694,387.2755856037429,394.6169839139492,-0.4787152411539637
2012-W44,391.775,2012-10-29 00:00:00+00:00,391.775,391.27252992721554,1.838996695144066,387.5945365369274,394.95052331750367,-0.5024700727844333
2012-W45,392.08,2012-11-05 00:00:00+00:00,392.08,391.6267427859079,1.8425931743383124,387.94155643723127,395.3119291345845,-0.45325721409210473
2012-W46,393.125,2012-11-12 00:00:00+00:00,393.125,391.9939973351597,1.84614271648298,388.30171190219374,395.68628276812564,-1.1310026648403095
2012-W47,393.5675,2012-11-19 00:00:00+00:00,393.5675,392.36080462446483,1.8496475238691912,388.6615095767265,396.0600996722032,-1.206695375535162
2012-W48,395.1825,2012-11-26 00:00:00+00:00,395.1825,392.71589904757496,1.853108304060488,389.00968243945397,396.42211565569596,-2.46660095242504
2012-W49,393.48,2012-12-03 00:00:00+00:00,393.48,393.05079929206335,1.8565245752651076,389.33775014153315,396.76384844259354,-0.42920070793667264
2012-W50,394.5025,2012-12-10 00:00:00+00:00,394.5025,393.3601108111347,1.8598951637475833,389.6403204836395,397.07990113862985,-1.1423891888653088
2012-W51,395.4575,2012-12-17 00:00:00+00:00,395.4575,393.64156240517553,1.863218763582745,389.91512487801003,397.36799993234104,-1.8159375948244474
2012-W52,395.1325,2012-12-24 00:00:00+00:00,395.1325,393.89579408263893,1.8664944438153241,390.1628051950083,397.6287829702696,-1.2367059173610642
2013-W01,395.1775,2012-12-31 00:00:00+00:00,395.1775,394.1259342188627,1.8697220268051595,390.3864901652524,397.86537827247304,-1.051565781137299
2013-W02,395.4575,2013-01-07 00:00:00+00:00,395.4575,394.3374972208898,1.8729097211183992,390.59167777865304,398.0833166631266,-1.120002779110166
2013-W03,395.88,2013-01-14 00:00:00+00:00,395.88,394.53630487126287,1.8760529537512294,390.7841989637604,398.28841077876535,-1.3436951287371244
2013-W04,395.495,2013-01-21 00:00:00+00:00,395.495,394.7291181229179,1.8791532922304164,390.97081153845704,398.48742470737875,-0.7658818770821085
2013-W05,396.62,2013-01-28 00:00:00+00:00,396.62,394.92261845595425,1.8822143442325414,391.15818976748915,398.68704714441935,-1.6973815440457543
2013-W06,397.73,2013-02-04 00:00:00+00:00,397.73,395.12270613637014,1.885240216932676,391.35222570250477,398.8931865702355,-2.6072938636298773
2013-W07,395.98,2013-02-11 00:00:00+00:00,395.98,395.33399798882823,1.888235153521769,391.5575276817847,399.1104682958718,-0.6460020111717881
2013-W08,397.5625,2013-02-18 00:00:00+00:00,397.5625,395.55946131218155,1.8912031295029428,391.7770550531757,399.34186757118744,-2.003038687818446
2013-W09,396.3775,2013-02-25 00:00:00+00:00,396.3775,395.8001923033393,1.8941474654520467,392.0118973724352,399.5884872342434,-0.5773076966606823
2013-W10,398.6875,2013-03-04 00:00:00+00:00,398.6875,396.0553347577829,1.8970705280935984,392.2611937015957,399.84947581397006,-2.632165242217127
2013-W11,396.97,2013-03-11 00:00:00+00:00,396.97,396.32212489143643,1.899973589667236,392.52217771210195,400.1220720707709,-0.6478751085635963
2013-W12,398.5725,2013-03-18 00:00:00+00:00,398.5725,396.59604145383713,1.9028568952202791,392.79032766339657,400.4017552442777,-1.9764585461628599
2013-W13,398.0125000000001,2013-03-25 00:00:00+00:00,398.0125000000001,396.87103706253623,1.9057199514556407,393.05959715962496,400.6824769654475,-1.1414629374638707
2013-W14,399.4925,2013-04-01 00:00:00+00:00,399.4925,397.13982664834697,1.9085620116848727,393.32270262497724,400.9569506717167,-2.3526733516530385
2013-W15,398.665,2013-04-08 00:00:00+00:00,398.665,397.3942115233826,1.911382698572256,393.5714461262381,401.2169769205271,-1.2707884766174402
2013-W16,397.96,2013-04-15 00:00:00+00:00,397.96,397.62542208152666,1.9141826873577603,393.79705670681113,401.4537874562422,-0.33457791847331464
2013-W17,398.8075,2013-04-22 00:00:00+00:00,398.8075,397.82446755194036,1.916964367286117,393.99053881736813,401.6583962865126,-0.983032448059646
2013-W18,399.705,2013-04-29 00:00:00+00:00,399.705,397.9824865494979,1.9197324041310333,394.1430217412358,401.82195135775993,-1.722513450502106
2013-W19,400.0075,2013-05-06 00:00:00+00:00,400.0075,398.0910964480012,1.9224941369847302,394.24610817403175,401.9360847219707,-1.9164035519987692
2013-W20,399.9525,2013-05-13 00:00:00+00:00,399.9525,398.1427420318309,1.9252597544162362,394.29222252299843,401.99326154066335,-1.8097579681690945
2013-W21,400.435,2013-05-20 00:00:00+00:00,400.435,398.1310439712783,1.9280422060645492,394.2749595591492,401.9871283834074,-2.3039560287217
2013-W22,400.76,2013-05-27 00:00:00+00:00,400.76,398.0511452507221,1.9308568184378025,394.18943161384647,401.9128588875977,-2.7088547492779185
2013-W23,399.5325,2013-06-03 00:00:00+00:00,399.5325,397.90004903398443,1.933720598956884,394.03260783607067,401.7674902318982,-1.6324509660155968
2013-W24,398.5675,2013-06-10 00:00:00+00:00,398.5675,397.67693524749706,1.936651234497328,393.8036327785024,401.5502377164917,-0.8905647525029394
2013-W25,398.895,2013-06-17 00:00:00+00:00,398.895,397.3834364527451,1.9396658231140262,393.5041048065171,401.26276809897314,-1.511563547254866
2013-W26,399.3175,2013-06-24 00:00:00+00:00,399.3175,397.02384758807824,1.9427794208653684,393.1382887463475,400.909406429809,-2.293652411921755
2013-W27,398.5,2013-07-01 00:00:00+00:00,398.5,396.6052402525551,1.9460035368176807,392.7132331789198,400.49724732619046,-1.8947597474448798
2013-W28,398.46,2013-07-08 00:00:00+00:00,398.46,396.13745155297005,1.9493447567863216,392.2387620393974,400.0361410665427,-2.3225484470299307
2013-W29,397.6575,2013-07-15 00:00:00+00:00,397.6575,395.6329210409553,1.952803704154746,391.7273136326458,399.5385284492648,-2.0245789590447316
2013-W30,397.015,2013-07-22 00:00:00+00:00,397.015,395.106357316627,1.9563745348850008,391.19360824685697,399.019106386397,-1.9086426833729888
2013-W31,396.77,2013-07-29 00:00:00+00:00,396.77,394.57422826400074,1.9600451047068987,390.65413805458695,398.4943184734145,-2.1957717359992444
2013-W32,394.625,2013-08-05 00:00:00+00:00,394.625,394.0540847429024,1.9637978424577802,390.1264890579868,397.98168042781793,-0.5709152570976244
2013-W33,395.63,2013-08-12 00:00:00+00:00,395.63,393.5637453556723,1.967611237303609,389.6285228810651,397.4989678302795,-2.066254644327671
2013-W34,394.58,2013-08-19 00:00:00+00:00,394.58,393.12038767721464,1.9714617321790413,389.17746421285653,397.06331114157274,-1.4596123227853468
2013-W35,395.0975,2013-08-26 00:00:00+00:00,395.0975,392.7396067285758,1.9753257444984273,388.7889552395789,396.69025821757265,-2.3578932714242455
2013-W36,394.845,2013-09-02 00:00:00+00:00,394.845,392.4345122389445,1.9791815264189543,388.47614918610657,396.3928752917824,-2.410487761055549
2013-W37,394.17,2013-09-09 00:00:00+00:00,394.17,392.2149403908356,1.9830106300048567,388.24891913082587,396.1809616508453,-1.9550596091644366
2013-W38,393.34,2013-09-16 00:00:00+00:00,393.34,392.0868520177341,1.986798835213472,388.11325434730713,396.06044968816104,-1.2531479822658866
2013-W39,393.33,2013-09-23 00:00:00+00:00,393.33,392.0519772517168,1.9905365011057012,388.07090424950536,396.0330502539282,-1.278022748283206
2013-W40,393.7675,2013-09-30 00:00:00+00:00,393.7675,392.10774715044175,1.994218387222623,388.1193103759965,396.096183924887,-1.659752849558231
2013-W41,394.0575,2013-10-07 00:00:00+00:00,394.0575,392.2475276733225,1.997843048613711,388.2518415760951,396.2432137705499,-1.8099723266774959
2013-W42,394.015,2013-10-14 00:00:00+00:00,394.015,392.461143247327,2.001411937228157,388.4583193728707,396.46396712178336,-1.5538567526729707
2013-W43,394.1875,2013-10-21 00:00:00+00:00,394.1875,392.7356493175343,2.0049283525906327,388.725792612353,396.7455060227156,-1.4518506824657038
2013-W44,394.6925,2013-10-28 00:00:00+00:00,394.6925,393.0562890787282,2.008396384863145,389.0394963090019,397.0730818484545,-1.636210921271811
2013-W45,394.8,2013-11-04 00:00:00+00:00,394.8,393.40755201519136,2.011819984988922,389.3839120452135,397.4311919851692,-1.3924479848086548
2013-W46,396.195,2013-11-11 00:00:00+00:00,396.195,393.774243049886,2.015202274876116,389.7438385001338,397.80464759963826,-2.4207569501139687
2013-W47,394.8675,2013-11-18 00:00:00+00:00,394.8675,394.1424720199015,2.018545170558911,390.10538167878366,398.17956236101935,-0.7250279800985027
2013-W48,396.6725,2013-11-25 00:00:00+00:00,396.6725,394.50048354895483,2.021849334468987,390.45678488001687,398.5441822178928,-2.172016451045181
2013-W49,396.4775,2013-12-02 00:00:00+00:00,396.4775,394.83926565814403,2.0251144107749846,390.78903683659405,398.889494479694,-1.6382343418559913
2013-W50,397.5825,2013-12-09 00:00:00+00:00,397.5825,395.15289919867286,2.0283394473799508,391.09622030391296,399.20957809343275,-2.429600801327126
2013-W51,399.065,2013-12-16 00:00:00+00:00,399.065,395.43863637281396,2.0315233853513526,391.37558960211123,399.5016831435167,-3.6263636271860378
2013-W52,397.4075,2013-12-23 00:00:00+00:00,397.4075,395.69672211510846,2.0346655062028867,391.6273911027027,399.7660531275142,-1.71077788489157
2014-W01,397.88,2013-12-30 00:00:00+00:00,397.88,395.92999415246817,2.037765762759987,391.8544626269482,400.00552567798815,-1.950005847531827
2014-W02,397.7075,2014-01-06 00:00:00+00:00,397.7075,396.14331403818727,2.040824962976069,392.0616641122351,400.2249639641394,-1.5641859618127114
2014-W03,397.5975,2014-01-13 00:00:00+00:00,397.5975,396.3428911417745,2.043844811522313,392.25520151872985,400.4305807648191,-1.254608858225538
2014-W04,398.4225,2014-01-20 00:00:00+00:00,398.4225,396.5355642064555,2.046827831410809,392.4419085436339,400.6292198692771,-1.8869357935445237
2014-W05,398.9625,2014-01-27 00:00:00+00:00,398.9625,396.72810124042957,2.049777189405125,392.6285468616193,400.8276556192398,-2.2343987595704107
2014-W06,398.32,2014-02-03 00:00:00+00:00,398.32,396.9265694420705,2.0526964439723523,392.82117655412577,401.03196233001523,-1.3934305579294914
2014-W07,397.9,2014-02-10 00:00:00+00:00,397.9,397.13581424222724,2.055589234960276,393.0246357723067,401.2469927121478,-0.7641857577727365
2014-W08,399.1575,2014-02-17 00:00:00+00:00,399.1575,397.3590721903551,2.058458944090966,393.24215430217316,401.47599007853705,-1.7984278096449202
2014-W09,397.87,2014-02-24 00:00:00+00:00,397.87,397.5977280485335,2.0613083724045214,393.4751113037245,401.7203447933425,-0.2722719514665073
2014-W10,399.2225,2014-03-03 00:00:00+00:00,399.2225,397.85121356087114,2.06413949426389,393.7229345723434,401.9794925493989,-1.3712864391288804
2014-W11,399.74,2014-03-10 00:00:00+00:00,399.74,398.1170349963672,2.0669533484540095,393.98312829945917,402.2509416932752,-1.622965003632828
2014-W12,401.4775,2014-03-17 00:00:00+00:00,401.4775,398.3909094113646,2.069750110492319,394.25140919037995,402.53040963234923,-3.0865905886354312
2014-W13,400.12,2014-03-24 00:00:00+00:00,400.12,398.6669858365771,2.0725293601490287,394.5219271162791,402.81204455687515,-1.4530141634228926
2014-W14,400.88,2014-03-31 00:00:00+00:00,400.88,398.9381271133265,2.075290523557708,394.7875460662111,403.0887081604419,-1.9418728866734796
2014-W15,402.35,2014-04-07 00:00:00+00:00,402.35,399.1962303812783,2.078033439377483,395.04016350252334,403.3522972600333,-3.1537696187216966
2014-W16,402.0,2014-04-14 00:00:00+00:00,402.0,399.4325684889431,2.0807589809338367,395.27105052707543,403.5940864508108,-2.5674315110568955
2014-W17,401.55,2014-04-21 00:00:00+00:00,401.55,399.6381399274928,2.083469660604289,395.4712006062842,403.80507924870136,-1.9118600725072383
2014-W18,402.375,2014-04-28 00:00:00+00:00,402.375,399.8040202830038,2.0861701470412832,395.63167998892123,403.9763605770864,-2.5709797169961917
2014-W19,403.0925,2014-05-05 00:00:00+00:00,403.0925,399.9217126681055,2.0888676345726678,395.74397739896017,404.09944793725083,-3.1707873318944735
2014-W20,401.95,2014-05-12 00:00:00+00:00,401.95,399.98349732725404,2.0915720138409895,395.80035329957207,404.166641354936,-1.9665026727459463
2014-W21,402.3575,2014-05-19 00:00:00+00:00,402.3575,399.98278105195135,2.0942958024273897,395.7941894470966,404.1713726568061,-2.374718948048667
2014-W22,402.0325,2014-05-26 00:00:00+00:00,402.0325,399.9144449769905,2.0970538038633317,395.72033736926386,404.1085525847172,-2.1180550230095037
2014-W23,402.175,2014-06-02 00:00:00+00:00,402.175,399.775184975881,2.0998624769833483,395.5754600219143,403.97490992984774,-2.3998150241189933
2014-W24,402.265,2014-06-09 00:00:00+00:00,402.265,399.5638328543086,2.1027390165941657,395.35835482112026,403.76931088749694,-2.701167145691386
2014-W25,401.59,2014-06-16 00:00:00+00:00,401.59,399.28163982668997,2.1057001756728218,395.07023947534435,403.4930401780356,-2.3083601733100068
2014-W26,401.235,2014-06-23 00:00:00+00:00,401.235,398.93249761648843,2.1087608994046585,394.7149758176791,403.1500194152978,-2.3025023835115803
2014-W27,400.5975,2014-06-30 00:00:00+00:00,400.5975,398.52306823748444,2.1119328893517575,394.29920245878094,402.74693401618794,-2.0744317625155873
2014-W28,399.79,2014-07-07 00:00:00+00:00,399.79,398.0627923503002,2.1152232631199603,393.83234582406027,402.2932388765401,-1.7272076496998352
2014-W29,399.0375,2014-07-14 00:00:00+00:00,399.0375,397.56374897352583,2.1186335047877765,393.3264819639503,401.80101598310137,-1.47375102647419
2014-W30,398.225,2014-07-21 00:00:00+00:00,398.225,397.0403467314267,2.122158897717016,392.7960289359927,401.28466452686075,-1.1846532685732996
2014-W31,397.4425,2014-07-28 00:00:00+00:00,397.4425,396.50883863632265,2.1257885817883353,392.257261472746,400.7604157998993,-0.933661363677345
2014-W32,398.065,2014-08-04 00:00:00+00:00,398.065,395.98666783594894,2.1295062844642234,391.7276552670205,400.24568040487736,-2.078332164051062
2014-W33,397.3333333333333,2014-08-11 00:00:00+00:00,397.3333333333333,395.4916693977888,2.1332916570199516,391.2250860837489,399.75825271182873,-1.8416639355444886
2014-W34,396.48,2014-08-18 00:00:00+00:00,396.48,395.0411710953071,2.137122034463252,390.7669270263806,399.3154151642336,-1.4388289046929117
2014-W35,395.6625,2014-08-25 00:00:00+00:00,395.6625,394.65105203974457,2.1409743618307084,390.36910331608317,398.93300076340597,-1.0114479602554525
2014-W36,396.0,2014-09-01 00:00:00+00:00,396.0,394.33482954232244,2.1448270116936596,390.04517551893514,398.62448356570974,-1.6651704576775614
2014-W37,395.6775,2014-09-08 00:00:00+00:00,395.6775,394.1028497831234,2.14866125864479,389.80552726583386,398.400172300413,-1.5746502168765915
2014-W38,395.0225,2014-09-15 00:00:00+00:00,395.0225,393.96165529846843,2.1524622601134413,389.6567307782415,398.26657981869533,-1.0608447015315505
2014-W39,396.1425,2014-09-22 00:00:00+00:00,396.1425,393.91359147636325,2.1562194899328784,389.6011524964975,398.226030456229,-2.2289085236367328
2014-W40,395.3625,2014-09-29 00:00:00+00:00,395.3625,393.9566957663141,2.159926657003598,389.6368424523069,398.27654908032133,-1.405804233685899
2014-W41,395.0325,2014-10-06 00:00:00+00:00,395.0325,394.084888807049,2.1635812007461634,389.7577264055567,398.41205120854136,-0.9476111929510012
2014-W42,395.8575,2014-10-13 00:00:00+00:00,395.8575,394.28845877439966,2.1671834869438786,389.9540918005119,398.6228257482874,-1.5690412256003583
2014-W43,395.98,2014-10-20 00:00:00+00:00,395.98,394.5548021617746,2.1707358400696424,390.2133304816353,398.8962738419139,-1.4251978382254151
2014-W44,399.785,2014-10-27 00:00:00+00:00,399.785,394.8693592773438,2.174241549117865,390.5208761791081,399.2178423755795,-4.915640722656235
2014-W45,396.7125,2014-11-03 00:00:00+00:00,396.7125,395.21666408361347,2.1777039763634547,390.86125613088655,399.5720720363404,-1.4958359163865111
2014-W46,398.4425,2014-11-10 00:00:00+00:00,398.4425,395.5814178258101,2.1811258787368706,391.21916606833634,399.94366958328385,-2.861082174189903
2014-W47,398.03,2014-11-17 00:00:00+00:00,398.03,395.9494954213464,2.1845090153416766,391.580477390663,400.3185134520298,-2.0805045786535743
2014-W48,397.3575,2014-11-24 00:00:00+00:00,397.3575,396.30880264267256,2.187854062387701,391.93309451789713,400.684510767448,-1.0486973573274554
2014-W49,399.1175,2014-12-01 00:00:00+00:00,399.1175,396.6499194095399,2.1911607982185286,392.26759781310284,401.03224100597697,-2.467580590460102
2014-W50,398.93,2014-12-08 00:00:00+00:00,398.93,396.9664876366027,2.194428472034732,392.57763069253326,401.3553445806722,-1.9635123633972853
2014-W51,399.43375,2014-12-15 00:00:00+00:00,399.43375,397.255328124042,2.1976562449721326,392.86001563409775,401.6506406139863,-2.1784218759579517
2014-W52,399.9375,2014-12-22 00:00:00+00:00,399.9375,397.51629675693624,2.200843598309446,393.1146095603174,401.9179839535551,-2.421203243063758
2015-W01,400.765,2014-12-29 00:00:00+00:00,400.765,397.75191298472276,2.203990634856472,393.34393171500983,402.1598942544357,-3.013087015277222
2015-W02,399.9,2015-01-05 00:00:00+00:00,399.9,397.96681091879367,2.2070982415149842,393.5526144357637,402.38100740182364,-1.933189081206308
2015-W03,401.08,2015-01-12 00:00:00+00:00,401.08,398.1670740930444,2.2101681168344967,393.7467378593754,402.5874103267134,-2.912925906955593
2015-W04,399.615,2015-01-19 00:00:00+00:00,399.615,398.3595185616818,2.213202686614755,393.9331131884523,402.7859239349113,-1.2554814383182133
2015-W05,400.3275,2015-01-26 00:00:00+00:00,400.3275,398.5509860219776,2.2162049338786503,394.1185761542203,402.98339588973494,-1.7765139780223649
2015-W06,400.4825,2015-02-02 00:00:00+00:00,400.4825,398.7477002538457,2.2191781643286945,394.30934392518833,403.1860565825031,-1.7347997461542946
2015-W07,399.87,2015-02-09 00:00:00+00:00,399.87,398.9547279382263,2.2221257263817895,394.51047648546273,403.3989793909899,-0.9152720617736918
2015-W08,400.305,2015-02-16 00:00:00+00:00,400.305,399.17557071344567,2.2250507112315447,394.7254692909826,403.62567213590876,-1.1294292865543412
2015-W09,402.1075,2015-02-23 00:00:00+00:00,402.1075,399.41190086314094,2.227955672009036,394.95598951912285,403.86781220715903,-2.695599136859073
2015-W10,401.47,2015-03-02 00:00:00+00:00,401.47,399.6634398469636,2.230842413207358,395.2017550205489,404.12512467337837,-1.8065601530364006
2015-W11,404.26,2015-03-09 00:00:00+00:00,404.26,399.9279681068169,2.2337119038070474,395.4605442992028,404.39539191443095,-4.332031893183114
2015-W12,401.48,2015-03-16 00:00:00+00:00,401.48,400.2014469310911,2.2365643541033036,395.72831822288447,404.6745756392977,-1.2785530689089342
2015-W13,401.67,2015-03-23 00:00:00+00:00,401.67,400.4782289359595,2.239399470589549,395.9994299947804,404.9570278771386,-1.1917710640404948
2015-W14,402.625,2015-03-30 00:00:00+00:00,402.625,400.75133277899516,2.2422168714805317,396.2668990360341,405.23576652195624,-1.8736672210048368
2015-W15,404.2825,2015-04-06 00:00:00+00:00,404.2825,401.01275964218297,2.245016618326612,396.52272640552974,405.5027928788362,-3.2697403578170565
2015-W16,405.2575,2015-04-13 00:00:00+00:00,405.2575,401.2538330444681,2.2477998013622504,396.7582334417436,405.7494326471926,-4.003666955531912
2015-W17,403.4725,2015-04-20 00:00:00+00:00,403.4725,401.4655487713266,2.2505691107052237,396.9644105499162,405.96668699273704,-2.0069512286734152
2015-W18,404.6025,2015-04-27 00:00:00+00:00,404.6025,401.6389271446482,2.253329328242343,397.13226848816356,406.1455858011329,-2.9635728553517993
2015-W19,404.535,2015-05-04 00:00:00+00:00,404.535,401.76536450062343,2.2560876827680123,397.2531891350874,406.2775398661595,-2.769635499376591
2015-W20,404.5625,2015-05-11 00:00:00+00:00,404.5625,401.83698376236356,2.2588540196445916,397.3192757230744,406.35469180165273,-2.725516237636441
2015-W21,404.4025,2015-05-18 00:00:00+00:00,404.4025,401.8469847779947,2.2616407443947035,397.3237032892053,406.3702662667841,-2.5555152220052832
2015-W22,403.4525,2015-05-25 00:00:00+00:00,403.4525,401.78999339350634,2.264462508922749,397.26106837566084,406.31891841135183,-1.6625066064936505
2015-W23,404.0625,2015-06-01 00:00:00+00:00,404.0625,401.66240417465673,2.2673356206268442,397.127732933403,406.19707541591043,-2.4000958253432714
2015-W24,404.05,2015-06-08 00:00:00+00:00,404.05,401.46270587114344,2.270277172822115,396.9221515254992,406.0032602167877,-2.58729412885657
2015-W25,402.055,2015-06-15 00:00:00+00:00,402.055,401.19177204149895,2.273303921727546,396.64516419804386,405.73837988495404,-0.8632279585010565
2015-W26,402.715,2015-06-22 00:00:00+00:00,402.715,400.8530929632638,2.27643097277961,396.30023101770456,405.40595490882305,-1.86190703673617
2015-W27,402.25,2015-06-29 00:00:00+00:00,402.25,400.4529203367587,2.2796703850348115,395.8935795666891,405.01226110682836,-1.797079663241277
2015-W28,401.3425,2015-07-06 00:00:00+00:00,401.3425,400.00029462971946,2.2830298477973363,395.4342349341248,404.56635432531414,-1.3422053702805101
2015-W29,402.325,2015-07-13 00:00:00+00:00,402.325,399.5069271862689,2.2865116153657326,394.93390395553746,404.07995041700036,-2.818072813731078
2015-W30,397.645,2015-07-20 00:00:00+00:00,397.645,398.9869159746326,2.2901118867343304,394.40669220116393,403.5671397481013,1.3419159746326272
2015-W31,399.85,2015-07-27 00:00:00+00:00,399.85,398.45628508152953,2.293820775457973,393.8686435306136,403.04392663244545,-1.3937149184704936
2015-W32,398.285,2015-08-03 00:00:00+00:00,398.285,397.9323530363858,2.297622931122151,393.33710717414147,402.5275988986301,-0.35264696361423375
2015-W33,399.2925,2015-08-10 00:00:00+00:00,399.2925,397.43295249365696,2.3014987623455534,392.82995496896586,402.03595001834805,-1.8595475063430627
2015-W34,399.65,2015-08-17 00:00:00+00:00,399.65,396.97554177965,2.305426100834484,392.364689577981,401.58639398131896,-2.6744582203500045
2015-W35,399.06,2015-08-24 00:00:00+00:00,399.06,396.5762651165882,2.309382066444309,391.9575009836996,401.1950292494768,-2.4837348834117847
2015-W36,399.0475,2015-08-31 00:00:00+00:00,399.0475,396.2490306272834,2.3133448669357426,391.6223408934119,400.8757203611549,-2.7984693727166245
2015-W37,397.7075,2015-09-07 00:00:00+00:00,397.7075,396.0046814133697,2.317295297518568,391.3700908183326,400.63927200840686,-1.7028185866302579
2015-W38,397.18,2015-09-14 00:00:00+00:00,397.18,395.85033359288576,2.321217780168213,391.20789803254934,400.4927691532222,-1.3296664071142459
2015-W39,397.2925,2015-09-21 00:00:00+00:00,397.2925,395.788945526498,2.3251008759830207,391.138743774532,400.4391472784641,-1.5035544735019926
2015-W40,397.48,2015-09-28 00:00:00+00:00,397.48,395.8191649846871,2.328937289560612,391.1612904055659,400.4770395638083,-1.6608350153128981
2015-W41,398.1175,2015-10-05 00:00:00+00:00,398.1175,395.9354772271785,2.3327234469960305,391.27003033318647,400.6009241211706,-2.182022772821483
2015-W42,398.1749999999999,2015-10-12 00:00:00+00:00,398.1749999999999,396.12864935745387,2.3364587644058363,391.4557318286422,400.80156688626556,-2.046350642546031
2015-W43,398.94,2015-10-19 00:00:00+00:00,398.94,396.3864380399195,2.3401447389693946,391.7061485619807,401.0667275178583,-2.553561960080515
2015-W44,399.3525,2015-10-26 00:00:00+00:00,399.3525,396.6945020968437,2.3437839963510707,392.0069341041415,401.38207008954583,-2.6579979031563425
2015-W45,399.15,2015-11-02 00:00:00+00:00,399.15,397.03744176634285,2.3473794213135655,392.3426829237157,401.73220060897,-2.1125582336571256
2015-W46,399.77,2015-11-09 00:00:00+00:00,399.77,397.3998749334227,2.350933479876204,392.6980079736703,402.10174189317513,-2.370125066577259
2015-W47,400.655,2015-11-16 00:00:00+00:00,400.655,397.7674587449605,2.354447807632362,393.05856312969576,402.47635436022523,-2.88754125503948
2015-W48,400.7975,2015-11-23 00:00:00+00:00,400.7975,398.12777278309153,2.3579230902291965,393.4119266026331,402.84361896354994,-2.669727216908484
2015-W49,400.645,2015-11-30 00:00:00+00:00,400.645,398.4709962017609,2.361359206093728,393.7482777895734,403.1937146139484,-2.1740037982390845
2015-W50,401.5725,2015-12-07 00:00:00+00:00,401.5725,398.7903336995536,2.364755553082358,394.06082259338893,403.5198448057183,-2.782166300446363
2015-W51,402.9125,2015-12-14 00:00:00+00:00,402.9125,399.08217102548446,2.3681114540124164,394.3459481174596,403.8183939335093,-3.8303289745155666
2015-W52,402.2625,2015-12-21 00:00:00+00:00,402.2625,399.34596671766707,2.3714265385000317,394.603113640667,404.08881979466713,-2.916533282332921
2015-W53,401.7825,2015-12-28 00:00:00+00:00,401.7825,399.5839100810576,2.374701026492399,394.8345080280728,404.3333121340424,-2.198589918942446
2016-W01,402.37,2016-01-04 00:00:00+00:00,402.37,399.80015049904836,2.3779321134854468,395.04428627207744,404.55601472601927,-2.5698495009516478
2016-W02,405.58,2016-01-11 00:00:00+00:00,405.58,400.00059720145003,2.3811204088352813,395.2383563837795,404.7628380191206,-5.57940279854995
2016-W03,402.6425,2016-01-18 00:00:00+00:00,402.6425,400.19232613795833,2.384273364845591,395.42377940826714,404.9608728676495,-2.4501738620416518
2016-W04,404.105,2016-01-25 00:00:00+00:00,404.105,400.38218474857644,2.3873938506913346,395.6073970471938,405.1569724499591,-3.722815251423583
2016-W05,403.3675,2016-02-01 00:00:00+00:00,403.3675,400.5764975623337,2.3904850120031633,395.7955275383274,405.35746758634,-2.791002437666293
2016-W06,404.97,2016-02-08 00:00:00+00:00,404.97,400.7805159638396,2.393550013972087,395.9934159358954,405.5676159917838,-4.189484036160422
2016-W07,403.305,2016-02-15 00:00:00+00:00,403.305,400.9979940094003,2.396591771917385,396.2048104655656,405.79117755323506,-2.3070059905996914
2016-W08,404.6125,2016-02-22 00:00:00+00:00,404.6125,401.2309046182003,2.3996127027460896,396.43167921270816,406.0301300236925,-3.381595381799684
2016-W09,404.615,2016-02-29 00:00:00+00:00,404.615,401.47929728980165,2.4026145411066993,396.6740682075883,406.284526372015,-3.135702710198359
2016-W10,403.62,2016-03-07 00:00:00+00:00,403.62,401.74128751603934,2.405598266897594,396.93009098224417,406.5524840498345,-1.878712483960669
2016-W11,405.415,2016-03-14 00:00:00+00:00,405.415,402.0131600533518,2.408564180797821,397.19603169175616,406.8302884149474,-3.401839946648238
2016-W12,406.0775,2016-03-21 00:00:00+00:00,406.0775,402.28956352213794,2.4115121421797165,397.46653923777853,407.11258780649734,-3.787936477862047
2016-W13,406.71,2016-03-28 00:00:00+00:00,406.71,402.56377236749034,2.4144419561790182,397.7348884551323,407.3926562798484,-4.146227632509635
2016-W14,406.7575,2016-04-04 00:00:00+00:00,406.7575,402.8279936531639,2.4173538709592695,397.9932859112454,407.6627013950824,-3.9295063468360922
2016-W15,408.6475,2016-04-11 00:00:00+00:00,408.6475,403.0736997912558,2.4202491292297457,398.23320153279633,407.9141980497153,-5.57380020874416
2016-W16,407.57,2016-04-18 00:00:00+00:00,407.57,403.2919732849645,2.4231305113213,398.44571226232193,408.1382343076071,-4.27802671503548
2016-W17,407.5525,2016-04-25 00:00:00+00:00,407.5525,403.47385489834636,2.426002808820069,398.6218492807062,408.3258605159865,-4.078645101653649
2016-W18,408.3025,2016-05-02 00:00:00+00:00,408.3025,403.61069141637057,2.4288731738981415,398.75294506857426,408.4684377641669,-4.691808583629438
2016-W19,408.5425,2016-05-09 00:00:00+00:00,408.5425,403.6944824434708,2.4317512972132285,398.83097984904435,408.55798503789725,-4.848017556529214
2016-W20,407.2925,2016-05-16 00:00:00+00:00,407.2925,403.7182268946148,2.4346493745988433,398.8489281454171,408.5875256438125,-3.5742731053852026
2016-W21,408.2725,2016-05-23 00:00:00+00:00,408.2725,403.67626861932735,2.4375818309452018,398.80110495743696,408.5514322812177,-4.596231380672634
2016-W22,407.215,2016-05-30 00:00:00+00:00,407.215,403.56463705326536,2.440564780345467,398.68350749257445,408.44576661395627,-3.6503629467346173
2016-W23,407.7025,2016-06-06 00:00:00+00:00,407.7025,403.38137336941367,2.443615217958325,398.494142933497,408.2686038053303,-4.3211266305863205
2016-W24,407.4025,2016-06-13 00:00:00+00:00,407.4025,403.12682616105525,2.446749963352079,398.23332623435107,408.02032608775943,-4.275673838944726
2016-W25,406.5325,2016-06-20 00:00:00+00:00,406.5325,402.8038943633605,2.449984409576448,397.9039255442076,407.7038631825134,-3.728605636639543
2016-W26,405.43,2016-06-27 00:00:00+00:00,405.43,402.41819018268365,2.453331174386036,397.5115278339116,407.3248525314557,-3.0118098173163617
2016-W27,405.26,2016-07-04 00:00:00+00:00,405.26,401.97809250703216,2.456798793999178,397.0644949190338,406.8916900950305,-3.2819074929678322
2016-W28,404.655,2016-07-11 00:00:00+00:00,404.655,401.4946626482255,2.4603906326254137,396.5738813829747,406.41544391347634,-3.1603373517744444
2016-W29,403.97,2016-07-18 00:00:00+00:00,403.97,400.9813999473503,2.46410418789433,396.0531915715617,405.90960832313897,-2.9886000526497014
2016-W30,404.0675,2016-07-25 00:00:00+00:00,404.0675,400.453824869563,2.4679309410379573,395.51796298748707,405.3896867516389,-3.6136751304370023
2016-W31,403.5875,2016-08-01 00:00:00+00:00,403.5875,399.9288911715143,2.4718568285454117,394.98517751442347,404.8726048286051,-3.658608828485683
2016-W32,403.2275,2016-08-08 00:00:00+00:00,403.2275,399.4242454092768,2.4758633105936925,394.4725187880894,404.3759720304642,-3.8032545907232134
2016-W33,401.4375,2016-08-15 00:00:00+00:00,401.4375,398.95736970717775,2.4799289043856563,393.99751189840646,403.91722751594904,-2.4801302928222526
2016-W34,402.15,2016-08-22 00:00:00+00:00,402.15,398.54466022184573,2.484030966968247,393.57659828790923,403.5127221557822,-3.6053397781542458
2016-W35,400.3275,2016-08-29 00:00:00+00:00,400.3275,398.20050683975063,2.488147474627879,393.22421189049487,403.1768017890064,-2.1269931602493557
2016-W36,399.605,2016-09-05 00:00:00+00:00,399.605,397.93644721499226,2.4922585632756196,392.95193008844103,402.9209643415435,-1.668552785007762
2016-W37,400.585,2016-09-12 00:00:00+00:00,400.585,397.7604686861327,2.4963476569621093,392.76777337220847,402.7531640000569,-2.8245313138672827
2016-W38,400.89,2016-09-19 00:00:00+00:00,400.89,397.6765240457775,2.500402098040621,392.6757198496963,402.67732824185873,-3.2134759542224742
2016-W39,400.405,2016-09-26 00:00:00+00:00,400.405,397.68431175128575,2.504413277790644,392.6754851957045,402.693138306867,-2.720688248714225
2016-W40,401.0875,2016-10-03 00:00:00+00:00,401.0875,397.77934918130853,2.5083763326971598,392.7625965159142,402.79610184670287,-3.308150818691445
2016-W41,401.4475,2016-10-10 00:00:00+00:00,401.4475,397.9533411610486,2.512289512607051,392.9287621358345,402.97792018626274,-3.494158838951364
2016-W42,401.8975,2016-10-17 00:00:00+00:00,401.8975,398.1948181695356,2.5161533460186356,393.16251147749836,403.22712486157286,-3.702681830464371
2016-W43,402.2025,2016-10-24 00:00:00+00:00,402.2025,398.48999265543756,2.5199697323115484,393.45005319081446,403.52993212006066,-3.7125073445624253
2016-W44,402.6075,2016-10-31 00:00:00+00:00,402.6075,398.82376088894165,2.5237410852348607,393.77627871847193,403.87124305941137,-3.7837391110583667
2016-W45,403.1375,2016-11-07 00:00:00+00:00,403.1375,399.1807643344677,2.527469636187535,394.12582506209264,404.2357036068428,-3.9567356655322783
2016-W46,405.34,2016-11-14 00:00:00+00:00,405.34,399.5464202114985,2.5311569764740023,394.4841062585505,404.6087341644465,-5.793579788501461
2016-W47,403.975,2016-11-21 00:00:00+00:00,403.975,399.9078361313827,2.5348038741544254,394.83822838307384,404.9774438796915,-4.067163868617342
2016-W48,404.0575,2016-11-28 00:00:00+00:00,404.0575,400.254537577241,2.538410349077186,395.17771687908663,405.3313582753954,-3.8029624227589807
2016-W49,403.5,2016-12-05 00:00:00+00:00,403.5,400.5789576434931,2.541975941333656,395.4950057608258,405.6629095261604,-2.9210423565069163
2016-W50,405.7875,2016-12-12 00:00:00+00:00,405.7875,400.876663125166,2.545500077450066,395.78566297026583,405.9676632800661,-4.910836874834047
2016-W51,404.565,2016-12-19 00:00:00+00:00,404.565,401.14631676727953,2.548982434495546,396.04835189828844,406.2442816362706,-3.4186832327204684
2016-W52,404.8425,2016-12-26 00:00:00+00:00,404.8425,401.38939925485687,2.5524232232702944,396.2845528083163,406.49424570139746,-3.4531007451431037
2017-W01,405.8375,2017-01-02 00:00:00+00:00,405.8375,401.6098163984156,2.555824671442392,396.4981670555308,406.7214657413004,-4.227683601584374
2017-W02,405.4425,2017-01-09 00:00:00+00:00,405.4425,401.81348635860417,2.559194904986051,396.6950965486321,406.93187616857625,-3.6290136413958294
2017-W03,406.2225,2017-01-16 00:00:00+00:00,406.2225,402.00650360645017,2.5625281900039414,396.8814472264423,407.13155998645806,-4.215996393549858
2017-W04,408.815,2017-01-23 00:00:00+00:00,408.815,402.19582838059654,2.5658273208172626,397.06417373896204,407.32748302223104,-6.61917161940346
2017-W05,406.3825,2017-01-30 00:00:00+00:00,406.3825,402.3880663993354,2.569095375060747,397.2498756492139,407.5262571494569,-3.9944336006645926
2017-W06,406.01,2017-02-06 00:00:00+00:00,406.01,402.588879274876,2.572335468857686,397.4442083371606,407.73355021259135,-3.4211207251240126
2017-W07,406.125,2017-02-13 00:00:00+00:00,406.125,402.8025164639934,2.57555050238049,397.65141545923245,407.9536174687544,-3.3224835360065867
2017-W08,407.705,2017-02-20 00:00:00+00:00,407.705,403.03148735287544,2.578742924611763,397.8740015036519,408.18897320209896,-4.673512647124539
2017-W09,407.3674999999999,2017-02-27 00:00:00+00:00,407.3674999999999,403.2763781784692,2.5819145561027255,398.11254906626374,408.44020729067466,-4.091121821530692
2017-W10,407.03,2017-03-06 00:00:00+00:00,407.03,403.5358065513014,2.585066512394672,398.36567352651207,408.7059395760907,-3.4941934486985815
2017-W11,407.2825,2017-03-13 00:00:00+00:00,407.2825,403.80649730381487,2.588199264309189,398.6300987751965,408.98289583243326,-3.476002696185162
2017-W12,407.02,2017-03-20 00:00:00+00:00,407.02,404.0834576561851,2.591312852578814,398.90083195102744,409.26608336134274,-2.9365423438148923
2017-W13,408.64,2017-03-27 00:00:00+00:00,408.64,404.3602273727833,2.5944072488239796,399.17141287513533,409.54904187043127,-4.279772627216687
2017-W14,408.67,2017-04-03 00:00:00+00:00,408.67,404.629180324659,2.5974828296363066,399.4342146653864,409.8241459839316,-4.040819675341027
2017-W15,408.9675,2017-04-10 00:00:00+00:00,408.9675,404.8818570777534,2.6005409123759664,399.68077525300146,410.08293890250536,-4.085642922246564
2017-W16,410.9625,2017-04-17 00:00:00+00:00,410.9625,405.10931292934987,2.603584292563003,399.90214434422387,410.31648151447587,-5.853187070650108
2017-W17,409.1675,2017-04-24 00:00:00+00:00,409.1675,405.3024712670835,2.6066177226168152,400.08923582184985,410.5157067123171,-3.865028732916528
2017-W18,411.895,2017-05-01 00:00:00+00:00,411.895,405.4524772005265,2.6096482768409124,400.2331806468447,410.67177375420835,-6.4425227994734655
2017-W19,409.8575,2017-05-08 00:00:00+00:00,409.8575,405.55105020528794,2.6126855541987566,400.32567909689044,410.77642131368543,-4.30644979471208
2017-W20,410.3475,2017-05-15 00:00:00+00:00,410.3475,405.5908363142684,2.615741677674089,400.3593529589202,410.8223196696166,-4.75666368573161
2017-W21,410.28,2017-05-22 00:00:00+00:00,410.28,405.56575975330855,2.6188310565724415,400.32809764016366,410.80342186645345,-4.714240246691418
2017-W22,409.6125,2017-05-29 00:00:00+00:00,409.6125,405.4713708411895,2.6219698884105447,400.22743106436843,410.7153106180106,-4.141129158810486
2017-W23,410.0725,2017-06-05 00:00:00+00:00,410.0725,405.30518182922464,2.6251753923006302,400.05483104462337,410.5555326138259,-4.767318170775354
2017-W24,409.7725,2017-06-12 00:00:00+00:00,409.7725,405.06697593486973,2.628464789066249,399.81004635673725,410.3239055130022,-4.705524065130248
2017-W25,408.2675,2017-06-19 00:00:00+00:00,408.2675,404.75906822901965,2.6318540757498257,399.49536007752,410.0227763805193,-3.508431770980337
2017-W26,408.5575,2017-06-26 00:00:00+00:00,408.5575,404.38649157446565,2.6353566833060844,399.1157782078535,409.6572049410778,-4.171008425534353
2017-W27,407.6075,2017-07-03 00:00:00+00:00,407.6075,403.95707776220155,2.6389821498322337,398.6791134625371,409.235042061866,-3.650422237798466
2017-W28,407.3675,2017-07-10 00:00:00+00:00,407.3675,403.481404511122,2.642734976898589,398.1959345573248,408.76687446491917,-3.886095488878027
2017-W29,406.8825000000001,2017-07-17 00:00:00+00:00,406.8825000000001,402.9725838142644,2.6466138489648054,397.67935611633476,408.26581151219403,-3.9099161857357103
2017-W30,406.925,2017-07-24 00:00:00+00:00,406.925,402.44587648449163,2.6506113721199114,397.1446537402518,407.7470992287315,-4.479123515508377
2017-W31,406.015,2017-07-31 00:00:00+00:00,406.015,401.9181312465975,2.6547144244209258,396.6087023977557,407.22756009543934,-4.096868753402475
2017-W32,405.89,2017-08-07 00:00:00+00:00,405.89,401.407063320747,2.6589051138309094,396.0892530930852,406.7248735484088,-4.482936679252987
2017-W33,405.4525,2017-08-14 00:00:00+00:00,405.4525,400.9304054298868,2.663162232690797,395.60408096450516,406.2567298952684,-4.522094570113211
2017-W34,404.3775,2017-08-21 00:00:00+00:00,404.3775,400.50498147409456,2.6674630083830393,395.1700554573285,405.83990749086064,-3.872518525905434
2017-W35,404.2875,2017-08-28 00:00:00+00:00,404.2875,400.14576737253304,2.671784901979325,394.8021975685744,405.4893371764917,-4.141732627466979
2017-W36,403.775,2017-09-04 00:00:00+00:00,403.775,399.86501260614244,2.6761072131024632,394.51279817993753,405.21722703234735,-3.9099873938575342
2017-W37,403.5025,2017-09-11 00:00:00+00:00,403.5025,399.67149794590154,2.6804123033099345,394.31067333928166,405.0323225525214,-3.8310020540984624
2017-W38,402.8275,2017-09-18 00:00:00+00:00,402.8275,399.5699987386492,2.6846863331578277,394.20062607233353,404.93937140496485,-3.2575012613507965
2017-W39,402.4375,2017-09-25 00:00:00+00:00,402.4375,399.56100886579446,2.688919495102024,394.1831698755904,404.9388478559985,-2.876491134205537
2017-W40,402.975,2017-10-02 00:00:00+00:00,402.975,399.64075913908385,2.6931057958905553,394.25454754730276,405.02697073086495,-3.334240860916168
2017-W41,403.5575,2017-10-09 00:00:00+00:00,403.5575,399.80153758342425,2.6972424886461583,394.4070526061319,405.1960225607166,-3.7559624165757555
2017-W42,404.285,2017-10-16 00:00:00+00:00,404.285,400.03229063945986,2.701329278891733,394.6296320816764,405.4349491972433,-4.252709360540166
2017-W43,404.845,2017-10-23 00:00:00+00:00,404.845,400.3194571860026,2.705367435195932,394.9087223156107,405.73019205639446,-4.525542813997447
2017-W44,404.495,2017-10-30 00:00:00+00:00,404.495,400.64796469181096,2.709358931064013,395.22924682968295,406.06668255393896,-3.8470353081890494
2017-W45,404.1225,2017-11-06 00:00:00+00:00,404.1225,401.0023015697174,2.7133057293577605,395.5756901110019,406.42891302843293,-3.120198430282585
2017-W46,404.9475,2017-11-13 00:00:00+00:00,404.9475,401.3675737056787,2.7172092926296036,395.9331551204195,406.8019922909379,-3.5799262943212966
2017-W47,406.0475,2017-11-20 00:00:00+00:00,406.0475,401.73045684786706,2.7210703609003533,396.2883161260664,407.17259756966774,-4.317043152132953
2017-W48,406.9,2017-11-27 00:00:00+00:00,406.9,402.07996934528495,2.7248889873333066,396.6301913706183,407.5297473199516,-4.820030654715026
2017-W49,407.195,2017-12-04 00:00:00+00:00,407.195,402.40800986498147,2.728664773554197,396.9506803178731,407.86533941208984,-4.786990135018527
2017-W50,406.1875,2017-12-11 00:00:00+00:00,406.1875,402.70962947089214,2.7323972130628453,397.24483504476643,408.17442389701785,-3.477870529107861
2017-W51,406.585,2017-12-18 00:00:00+00:00,406.585,402.98303377439373,2.736086043294672,397.5108616878044,408.4552058609831,-3.6019662256062475
2017-W52,407.0425,2017-12-25 00:00:00+00:00,407.0425,403.22933565471834,2.7397315249092373,397.74987260489985,408.70879870453683,-3.8131643452816775
2018-W01,406.9175,2018-01-01 00:00:00+00:00,406.9175,403.4520997078966,2.743334601604117,397.96543050468836,408.93876891110483,-3.465400292103425
2018-W02,408.41,2018-01-08 00:00:00+00:00,408.41,403.6567342299699,2.7468969314777287,398.16294036701447,409.15052809292536,-4.7532657700301115
2018-W03,408.085,2018-01-15 00:00:00+00:00,408.085,403.84979421939573,2.750420808141088,398.34895260311356,409.3506358356779,-4.235205780604247
2018-W04,408.8725,2018-01-22 00:00:00+00:00,408.8725,404.03825960704347,2.7539090018177275,398.530441603408,409.54607761067894,-4.834240392956531
2018-W05,408.8875,2018-01-29 00:00:00+00:00,408.8875,404.2288474559559,2.7573645496860593,398.71411835658375,409.743576555328,-4.658652544044116
2018-W06,408.2825,2018-02-05 00:00:00+00:00,408.2825,404.4274066296952,2.760790519468641,398.90582559075796,409.94898766863247,-3.8550933703048145
2018-W07,408.3625,2018-02-12 00:00:00+00:00,408.3625,404.63843015596143,2.7641897685371517,399.1100506188871,410.16680969303576,-3.7240698440385813
2018-W08,408.9975,2018-02-19 00:00:00+00:00,408.9975,404.8647059857853,2.767564725258398,399.3295765352685,410.3998354363021,-4.13279401421471
2018-W09,409.475,2018-02-26 00:00:00+00:00,409.475,405.1071127814743,2.770917227091488,399.5652783272913,410.6489472356573,-4.367887218525709
2018-W10,409.1425,2018-03-05 00:00:00+00:00,409.1425,405.3645550855603,2.77424845400131,399.8160581775577,410.91305199356293,-3.777944914439672
2018-W11,408.9125,2018-03-12 00:00:00+00:00,408.9125,405.6340227138448,2.777558990441345,400.0789047329621,411.1891406947275,-3.278477286155237
2018-W12,409.39,2018-03-19 00:00:00+00:00,409.39,405.9107530060741,2.7808490328790967,400.3490549403159,411.4724510718323,-3.4792469939258694
2018-W13,410.84,2018-03-26 00:00:00+00:00,410.84,406.1884717512316,2.784118736816983,400.6202342775976,411.7567092248656,-4.651528248768386
2018-W14,409.47,2018-04-02 00:00:00+00:00,409.47,406.4596889426343,2.787368673421625,400.884951595791,412.03442628947755,-3.0103110573657546
2018-W15,410.4025,2018-04-09 00:00:00+00:00,410.4025,406.71602839300107,2.7906003479924895,401.1348276970161,412.29722908898606,-3.686471606998907
2018-W16,410.3625,2018-04-16 00:00:00+00:00,410.3625,406.9485748731117,2.793816723409528,401.36094142629264,412.5362083199307,-3.41392512688833
2018-W17,412.5,2018-04-23 00:00:00+00:00,412.5,407.14822783466883,2.7970226903541247,401.5541824539606,412.74227321537705,-5.35177216533117
2018-W18,408.92,2018-04-30 00:00:00+00:00,408.92,407.30605596351455,2.8002254303669236,401.7056051027807,412.9065068242484,-1.6139440364854636
2018-W19,411.8625,2018-05-07 00:00:00+00:00,411.8625,407.41365082675696,2.803434623585855,401.8067815795853,413.02052007392865,-4.4488491732430475
2018-W20,412.3425,2018-05-14 00:00:00+00:00,412.3425,407.46347997687775,2.8066624596714007,401.85015505753495,413.07680489622055,-4.879020023122223
2018-W21,410.53,2018-05-21 00:00:00+00:00,410.53,407.4492396082737,2.8099234177547494,401.82939277276415,413.0690864437832,-3.080760391726301
2018-W22,412.105,2018-05-28 00:00:00+00:00,412.105,407.3662041175143,2.8132337909523124,401.73973653560967,412.99267169941896,-4.738795882485704
2018-W23,411.415,2018-06-04 00:00:00+00:00,411.415,407.2115650350774,2.816610946110081,401.57834314285725,412.84478692729755,-4.2034349649226215
2018-W24,410.58375,2018-06-11 00:00:00+00:00,410.58375,406.9847455128133,2.820072331583359,401.34460084964655,412.62489017598,-3.5990044871867326
2018-W25,409.7525,2018-06-18 00:00:00+00:00,409.7525,406.6876699142471,2.8236342773622294,401.04040135952266,412.3349384689716,-3.064830085752874
2018-W26,411.46,2018-06-25 00:00:00+00:00,411.46,406.3249623630276,2.827310671066545,400.6703410208945,411.97958370516074,-5.135037636972356
2018-W27,410.015,2018-07-02 00:00:00+00:00,410.015,405.90404464778334,2.831111635755172,400.241821376273,411.5662679192937,-4.110955352216649
2018-W28,409.065,2018-07-09 00:00:00+00:00,409.065,405.4351038487279,2.835042370752238,399.76501910722345,411.1051885902324,-3.629896151272078
2018-W29,409.2575,2018-07-16 00:00:00+00:00,409.2575,404.9309042293375,2.839102331153143,399.2526995670312,410.6091088916438,-4.326595770662493
2018-W30,408.715,2018-07-23 00:00:00+00:00,408.715,404.4064266755617,2.8432849029830156,398.7198568695957,410.09299648152773,-4.308573324438271
2018-W31,407.7475,2018-07-30 00:00:00+00:00,407.7475,403.87833192230977,2.8475776729246176,398.18317657646054,409.573487268159,-3.869168077690233
2018-W32,407.65,2018-08-06 00:00:00+00:00,407.65,403.36426004496246,2.8519633012725887,397.6603334424173,409.0681866475076,-4.2857399550375135
2018-W33,407.38,2018-08-13 00:00:00+00:00,407.38,402.88199660449976,2.856420902760886,397.169154798978,408.5948384100215,-4.498003395500234
2018-W34,407.405,2018-08-20 00:00:00+00:00,407.405,402.44855337059056,2.8609277493186163,396.7266978719533,408.1704088692278,-4.956446629409413
2018-W35,406.7025,2018-08-27 00:00:00+00:00,406.7025,402.0792263852658,2.8654610558322307,396.34830427360134,407.8101484969303,-4.62327361473416
2018-W36,406.3325,2018-09-03 00:00:00+00:00,406.3325,401.7867040093865,2.8699996082409718,396.04670479290456,407.5267032258684,-4.545795990613499
2018-W37,405.525,2018-09-10 00:00:00+00:00,405.525,401.58030064917915,2.8745250399465534,395.83125056928606,407.32935072907225,-3.9446993508208266
2018-W38,404.7175,2018-09-17 00:00:00+00:00,404.7175,401.4653869106282,2.8790226402600334,395.7073416301081,407.2234321911483,-3.2521130893717896
2018-W39,405.53,2018-09-24 00:00:00+00:00,405.53,401.4430737944662,2.8834816644151786,395.6761104656359,407.21003712329656,-4.086926205533757
2018-W40,405.6375,2018-10-01 00:00:00+00:00,405.6375,401.5101881013274,2.8878951881636765,395.73439772500006,407.28597847765474,-4.127311898672588
2018-W41,405.825,2018-10-08 00:00:00+00:00,405.825,401.65955044051447,2.8922596004861196,395.87503123954224,407.4440696414867,-4.165449559485523
2018-W42,406.13,2018-10-15 00:00:00+00:00,406.13,401.88053892401734,2.8965738549203337,396.0873912141767,407.673686633858,-4.249461075982651
2018-W43,406.815,2018-10-22 00:00:00+00:00,406.815,402.1598940944627,2.9008386091453393,396.358216876172,407.9615713127534,-4.655105905537312
2018-W44,407.0775,2018-10-29 00:00:00+00:00,407.0775,402.48269722482877,2.9050553790477998,396.67258646673315,408.2928079829244,-4.5948027751712175
2018-W45,406.905,2018-11-05 00:00:00+00:00,406.905,402.8334376790903,2.909225819143474,397.01498604080336,408.65188931737725,-4.071562320909663
2018-W46,409.05,2018-11-12 00:00:00+00:00,409.05,403.19707757621876,2.9133512144882237,397.3703751472423,409.0237800051952,-5.852922423781251
2018-W47,408.335,2018-11-19 00:00:00+00:00,408.335,403.56002429566655,2.9174322294037647,397.725159836859,409.3948887544741,-4.774975704333428
2018-W48,408.7225,2018-11-26 00:00:00+00:00,408.7225,403.91093297835545,2.9214689093476895,398.0679951596601,409.7538707970508,-4.811567021644578
2018-W49,408.7675,2018-12-03 00:00:00+00:00,408.7675,404.24128039666033,2.9254608840423515,398.39035862857565,410.092202164745,-4.526219603339655
2018-W50,410.0175,2018-12-10 00:00:00+00:00,410.0175,404.5456758635141,2.9294076857707516,398.6868604919726,410.40449123505556,-5.471824136485907
2018-W51,409.2075,2018-12-17 00:00:00+00:00,409.2075,404.8219011356145,2.933309086068102,398.9552829634783,410.6885193077507,-4.385598864385486
2018-W52,409.4025,2018-12-24 00:00:00+00:00,409.4025,405.07069646386884,2.9371653684106787,399.19636572704746,410.9450272006902,-4.331803536131133
2019-W01,410.105,2018-12-31 00:00:00+00:00,410.105,405.29533132371074,2.9409774873242136,399.41337634906233,411.17728629835915,-4.809668676289277
2019-W02,411.5675,2019-01-07 00:00:00+00:00,411.5675,405.50101395584574,2.9447471009752126,399.6115197538953,411.39050815779615,-6.06648604415426
2019-W03,410.0775,2019-01-14 00:00:00+00:00,410.0775,405.69420255288645,2.948476493423644,399.79724956603917,411.59115553973373,-4.383297447113534
2019-W04,414.0375,2019-01-21 00:00:00+00:00,414.0375,405.88188261188265,2.952168416674751,399.97754577853317,411.7862194452321,-8.155617388117378
2019-W05,411.7925,2019-01-28 00:00:00+00:00,411.7925,406.07087033225474,2.9558258835045956,400.15921856524557,411.9825220992639,-5.721629667745276
2019-W06,412.16,2019-02-04 00:00:00+00:00,412.16,406.2671922770409,2.959451937069202,400.34828840290254,412.1860961511793,-5.892807722959105
2019-W07,412.225,2019-02-11 00:00:00+00:00,412.225,406.47557856922725,2.9630494201207194,400.54947972898583,412.4016774094687,-5.74942143077277
2019-W08,411.06500000000005,2019-02-18 00:00:00+00:00,411.06500000000005,406.6990924486876,2.966620768954801,400.765850910778,412.63233398659725,-4.365907551312432
2019-W09,424.86,2019-02-25 00:00:00+00:00,424.86,406.93890478282486,2.970167863375052,400.99856905607476,412.87924050957497,-17.92109521717515
2019-W10,411.9275,2019-03-04 00:00:00+00:00,411.9275,407.1942095301078,2.9736919674756983,401.2468255951564,413.1415934650592,-4.733290469892211
2019-W11,413.17,2019-03-11 00:00:00+00:00,413.17,407.4622661907146,2.9771937918745794,401.50787860696545,413.4166537744638,-5.707733809285401
2019-W12,413.26,2019-03-18 00:00:00+00:00,413.26,407.73854858684575,2.9806736940127823,401.7772011988202,413.6998959748713,-5.521451413154239
2019-W13,411.105,2019-03-25 00:00:00+00:00,411.105,408.0169760095254,2.9841320119158365,402.0487119856937,413.9852400333571,-3.0880239904745963
2019-W14,412.865,2019-04-01 00:00:00+00:00,412.865,408.2902026719407,2.9875695046795063,402.3150636625817,414.2653416812997,-4.574797328059333
2019-W15,412.2275,2019-04-08 00:00:00+00:00,412.2275,408.5499439607033,2.9909878553083287,402.5679682500866,414.53191967131994,-3.6775560392967463
2019-W16,413.9775,2019-04-15 00:00:00+00:00,413.9775,408.7873224007366,2.9943901819051675,402.7985420369263,414.776102764547,-5.190177599263393
2019-W17,414.705,2019-04-22 00:00:00+00:00,414.705,408.9932215843168,2.9977815010931863,402.99765858213044,414.9887845865032,-5.71177841568317
2019-W18,414.8425,2019-04-29 00:00:00+00:00,414.8425,409.1586415858496,3.0011690905296384,403.1563034047903,415.16097976690884,-5.683858414150393
2019-W19,414.6725,2019-05-06 00:00:00+00:00,414.6725,409.2750536040498,3.00456270275163,403.26592819854653,415.28417900955304,-5.397446395950226
2019-W20,415.325,2019-05-13 00:00:00+00:00,415.325,409.33475398742524,3.007974588390059,403.31880481064513,415.35070316420536,-5.990246012574744
2019-W21,415.2025,2019-05-20 00:00:00+00:00,415.2025,409.3312178744258,3.011419293949399,403.30837928652704,415.3540564623246,-5.871282125574169
2019-W22,414.595,2019-05-27 00:00:00+00:00,414.595,409.2594502873421,3.0149132086019788,403.22962387013814,415.289276704546,-5.335549712657951
2019-W23,414.545,2019-06-03 00:00:00+00:00,414.545,409.1163279128181,3.0184738493017544,403.0793802142146,415.15327561142163,-5.428672087181894
2019-W24,414.4874999999999,2019-06-10 00:00:00+00:00,414.4874999999999,408.9009186682692,3.022118894864869,402.85668087853946,414.9451564579989,-5.586581331730713
2019-W25,414.615,2019-06-17 00:00:00+00:00,414.615,408.6147595037277,3.0258650100689244,402.5630294835899,414.66648952386555,-6.0002404962722835
2019-W26,413.8375,2019-06-24 00:00:00+00:00,413.8375,408.26206699757535,3.0297265386018344,402.2026139203717,414.321520074779,-5.5754330024246315
2019-W27,413.49,2019-07-01 00:00:00+00:00,413.49,407.8498514628904,3.0337141849355866,401.78242309301925,413.91727983276155,-5.64014853710961
2019-W28,411.7575,2019-07-08 00:00:00+00:00,411.7575,407.3879047093673,3.0378338403372878,401.3122370286927,413.4635723900419,-4.369595290632674
2019-W29,412.5425,2019-07-15 00:00:00+00:00,412.5425,406.8886351630085,3.042085724631064,400.8044637137464,412.9728066122706,-5.653864836991545
2019-W30,411.3725,2019-07-22 00:00:00+00:00,411.3725,406.3667321380803,3.046464000838736,400.2738041364028,412.4596601397578,-5.005767861919708
2019-W31,410.245,2019-07-29 00:00:00+00:00,410.245,405.83865346088936,3.0509569676171897,399.73673952565497,411.94056739612375,-4.406346539110643
2019-W32,410.21,2019-08-05 00:00:00+00:00,410.21,405.32194649640445,3.0555478496955377,399.2108507970134,411.4330421957955,-4.888053503595529
2019-W33,410.6575,2019-08-12 00:00:00+00:00,410.6575,404.8344304092338,3.060216105847432,398.7139981975389,410.9548626209287,-5.823069590766238
2019-W34,409.3675,2019-08-19 00:00:00+00:00,409.3675,404.3932852197053,3.064939082565912,398.2634070545735,410.5231633848371,-4.974214780294687
2019-W35,409.575,2019-08-26 00:00:00+00:00,409.575,404.0141085679083,3.0696937840663288,397.87472099977566,410.1534961360409,-5.560891432091694
2019-W36,408.59,2019-09-02 00:00:00+00:00,408.59,403.7100118105613,3.074458519962694,397.5610947706359,409.8589288504867,-4.879988189438677
2019-W37,408.9825,2019-09-09 00:00:00+00:00,408.9825,403.49083118634957,3.0792142312284523,397.33240272389264,409.6492596488065,-5.491668813650449
2019-W38,408.4175,2019-09-16 00:00:00+00:00,408.4175,403.3625260099529,3.0839453673533113,397.19463527524624,409.53041674465953,-5.054973990047131
2019-W39,408.6275,2019-09-23 00:00:00+00:00,408.6275,403.3268238543264,3.088640271988327,397.1495433103497,409.50410439830307,-5.300676145673606
2019-W40,408.42,2019-09-30 00:00:00+00:00,408.42,403.3811531840933,3.093291109219088,397.19457096565515,409.56773540253147,-5.038846815906709
2019-W41,409.2575,2019-10-07 00:00:00+00:00,409.2575,403.5188787267493,3.097893416668496,397.3230918934123,409.71466556008625,-5.738621273250715
2019-W42,408.68,2019-10-14 00:00:00+00:00,408.68,403.72982672503207,3.1024454021789456,397.5249359206742,409.93471752938996,-4.950173274967938
2019-W43,409.3666666666666,2019-10-21 00:00:00+00:00,409.3666666666666,404.00105936393305,3.1069471121945944,397.78716513954384,410.21495358832226,-5.365607302733565
2019-W44,408.9675,2019-10-28 00:00:00+00:00,408.9675,404.31783346225205,3.1113995980281457,398.09503426619574,410.54063265830837,-4.649666537747919
2019-W45,409.58,2019-11-04 00:00:00+00:00,409.58,404.6646609469921,3.1158041925860402,398.43305256182003,410.8962693321642,-4.9153390530078696
2019-W46,410.28,2019-11-11 00:00:00+00:00,410.28,405.0263797999673,3.1201619846322957,398.7860558307027,411.26670376923187,-5.253620200032685
2019-W47,410.37,2019-11-18 00:00:00+00:00,410.37,405.3891450834803,3.1244735397193124,399.1401980040417,411.6380921629189,-4.980854916519718
2019-W48,410.8975,2019-11-25 00:00:00+00:00,410.8975,405.7412600037082,3.1287388694739766,399.48378226476024,411.99873774265615,-5.156239996291788
2019-W49,411.665,2019-12-02 00:00:00+00:00,411.665,406.07378524606105,3.1329576038540705,399.8078700383529,412.3397004537692,-5.591214753938971
2019-W50,411.31,2019-12-09 00:00:00+00:00,411.31,406.38088857326005,3.1371292855324038,400.10663000219523,412.65514714432487,-4.929111426739951
2019-W51,411.8425,2019-12-16 00:00:00+00:00,411.8425,406.65992287132616,3.1412536923006202,400.37741548672494,412.9424302559274,-5.182577128673813
2019-W52,413.0175,2019-12-23 00:00:00+00:00,413.0175,406.91124635734235,3.1453311046516363,400.6205841480391,413.2019085666456,-6.106253642657634
2020-W01,412.9875,2019-12-30 00:00:00+00:00,412.9875,407.1378207485563,3.149362465849112,400.83909581685805,413.43654568025454,-5.8496792514437175
2020-W02,413.825,2020-01-06 00:00:00+00:00,413.825,407.34425134110137,3.153341678701483,401.0375679836984,413.65093469850433,-6.480748658898619
2020-W03,412.57,2020-01-13 00:00:00+00:00,412.57,407.53716413337173,3.157275843303214,401.2226124467653,413.85171581997815,-5.032835866628261
2020-W04,415.0075,2020-01-20 00:00:00+00:00,415.0075,407.7236468073265,3.1611707989588274,401.4013052094088,414.04598840524415,-7.283853192673519
2020-W05,413.015,2020-01-27 00:00:00+00:00,413.015,407.91054858247884,3.1650295165027775,401.58048954947327,414.2406076154844,-5.1044514175211475
2020-W06,414.1666666666667,2020-02-03 00:00:00+00:00,414.1666666666667,408.10402207962983,3.16885500491506,401.7663120697997,414.44173208945995,-6.062644587036857
2020-W07,413.4875,2020-02-10 00:00:00+00:00,413.4875,408.3090038603645,3.1726500909499107,401.9637036784647,414.6543040422643,-5.178496139635513
2020-W08,413.7675,2020-02-17 00:00:00+00:00,413.7675,408.5288266416632,3.1764172248831373,402.17599219189697,414.88166109142946,-5.238673358336769
2020-W09,413.9925,2020-02-24 00:00:00+00:00,413.9925,408.7649737381602,3.1801583403922424,402.40465705737574,415.1252904189447,-5.227526261839785
2020-W10,413.95,2020-03-02 00:00:00+00:00,413.95,409.01697362436465,3.1838747995192604,402.64922402532613,415.38472322340317,-4.933026375635336
2020-W11,414.5475,2020-03-09 00:00:00+00:00,414.5475,409.2824223068623,3.1875674507207004,402.9072874054209,415.65755720830373,-5.265077693137698
2020-W12,414.33,2020-03-16 00:00:00+00:00,414.33,409.5571141023051,3.1912368160017244,403.17464047030165,415.93958773430853,-4.772885897694891
2020-W13,415.485,2020-03-23 00:00:00+00:00,415.485,409.83525763766596,3.1948834044887087,403.44549082868855,416.2250244466434,-5.649742362334052
2020-W14,415.905,2020-03-30 00:00:00+00:00,415.905,410.1097532925655,3.1985081294299706,403.71273703370554,416.5067695514254,-5.795246707434501
2020-W15,415.155,2020-04-06 00:00:00+00:00,415.155,410.37251039936604,3.2021127885493104,403.96828482226744,416.77673597646464,-4.782489600633937
2020-W16,416.335,2020-04-13 00:00:00+00:00,416.335,410.6147865783227,3.2057005577402937,404.2033854628421,417.0261876938033,-5.720213421677272
2020-W17,416.47,2020-04-20 00:00:00+00:00,416.47,410.8275367164046,3.209276444794827,404.40898382681496,417.24608960599426,-5.6424632835954185
2020-W18,416.065,2020-04-27 00:00:00+00:00,416.065,411.00176432088705,3.2128476519199256,404.5760690170472,417.4274596247269,-5.06323567911295
2020-W19,416.77,2020-05-04 00:00:00+00:00,416.77,411.128872352669,3.2164238001400083,404.696024752389,417.56171995294903,-5.641127647330961
2020-W20,416.86,2020-05-11 00:00:00+00:00,416.86,411.20101337068485,3.220016973794624,404.7609794230956,417.6410473182741,-5.658986629315166
2020-W21,417.5175,2020-05-18 00:00:00+00:00,417.5175,411.211439341469,3.2236415499195616,404.76415624162985,417.6587224413081,-6.30606065853101
2020-W22,417.4825,2020-05-25 00:00:00+00:00,417.4825,411.1548495721822,3.227313785973852,404.7002220002345,417.60947714412987,-6.327650427817844
2020-W23,392.75,2020-06-01 00:00:00+00:00,392.75,411.0277311056147,3.231051152945514,404.56562879972364,417.48983341150574,18.27773110561469
2020-W24,416.5275,2020-06-08 00:00:00+00:00,416.5275,410.8286801363742,3.2348714211109604,404.35893729415227,417.29842297859614,-5.698819863625772
2020-W25,416.445,2020-06-15 00:00:00+00:00,416.445,410.5586865265163,3.2387915336953794,404.08110345912553,417.03626959390704,-5.88631347348371
2020-W26,415.7775,2020-06-22 00:00:00+00:00,415.7775,410.2213574900838,3.2428263393937593,403.7357048112963,416.7070101688713,-5.556142509916185
2020-W27,415.5825,2020-06-29 00:00:00+00:00,415.5825,409.82305226296234,3.246987293650841,403.32907767566064,416.317026850264,-5.759447737037647
2020-W28,415.7975,2020-07-06 00:00:00+00:00,415.7975,409.37289828932484,3.25128127372439,402.87033574187603,415.87546083677364,-6.4246017106751765
2020-W29,414.78,2020-07-13 00:00:00+00:00,414.78,408.88266205266194,3.2557096715403526,402.3712427095812,415.39408139574266,-5.8973379473380305
2020-W30,413.8575,2020-07-20 00:00:00+00:00,413.8575,408.3664546712993,3.260267920265148,401.84591883076905,414.8869905118296,-5.491045328700693
2020-W31,414.0175,2020-07-27 00:00:00+00:00,414.0175,407.84026366433176,3.2649455671415257,401.3103725300487,414.3701547986148,-6.177236335668226
2020-W32,412.6,2020-08-03 00:00:00+00:00,412.6,407.3213171826596,3.269726929506185,400.7818633236472,413.86077104167197,-5.278682817340439
2020-W33,411.9325,2020-08-10 00:00:00+00:00,411.9325,406.8273041385714,3.2745922764641677,400.278119585643,413.37648869149973,-5.105195861428626
2020-W34,412.37,2020-08-17 00:00:00+00:00,412.37,406.3754912066092,3.2795193876150264,399.8164524313791,412.93452998183926,-5.994508793390821
2020-W35,412.725,2020-08-24 00:00:00+00:00,412.725,405.98179340225255,3.28448527681593,399.4128228486207,412.5507639558844,-6.7432065977474736
2020-W36,411.84,2020-08-31 00:00:00+00:00,411.84,405.65986664628366,3.2894678491519893,399.0809309479797,412.2388023445876,-6.180133353716315
2020-W37,411.0875,2020-09-07 00:00:00+00:00,411.0875,405.42029634341674,3.2944472866753522,398.831401770066,412.00919091676747,-5.66720365658324
2020-W38,411.8125,2020-09-14 00:00:00+00:00,411.8125,405.2699541801143,3.2994070216586833,398.67114013679696,411.8687682234317,-6.5425458198856745
2020-W39,411.2425,2020-09-21 00:00:00+00:00,411.2425,405.211585455067,3.304334236024357,398.6029169830183,411.8202539271157,-6.030914544933012
2020-W40,411.33,2020-09-28 00:00:00+00:00,411.33,405.24367179858604,3.3092199012827774,398.6252319960205,411.8621116011516,-6.086328201413949
2020-W41,411.45,2020-10-05 00:00:00+00:00,411.45,405.3605906223042,3.314058431397959,398.73247375950825,411.9887074851001,-6.089409377695802
2020-W42,411.34,2020-10-12 00:00:00+00:00,411.34,405.5530655241841,3.318847056431347,398.9153714113214,412.19075963704677,-5.786934475815883
2020-W43,411.445,2020-10-19 00:00:00+00:00,411.445,405.8088742424465,3.3235850404727456,399.161704161501,412.456044323392,-5.636125757553486
2020-W44,412.0275,2020-10-26 00:00:00+00:00,412.0275,406.1137558857394,3.328272868044177,399.4572101496511,412.77030162182774,-5.913744114260567
2020-W45,411.43,2020-11-02 00:00:00+00:00,411.43,406.4524401063558,3.3329115122866435,399.78661708178254,413.1182631309291,-4.977559893644184
2020-W46,412.865,2020-11-09 00:00:00+00:00,412.865,406.80970992955776,3.3375018755808714,400.134706178396,413.4847136807195,-6.055290070442254
2020-W47,412.465,2020-11-16 00:00:00+00:00,412.465,407.17140837831033,3.34204445912548,400.4873194600594,413.8554972965613,-5.293591621689643
2020-W48,413.705,2020-11-23 00:00:00+00:00,413.705,407.52530686366885,3.3465392738999284,400.832228315869,414.2183854114687,-6.179693136331139
2020-W49,413.8575,2020-11-30 00:00:00+00:00,413.8575,407.8617693657529,3.3509859596913327,401.1597974463702,414.56374128513556,-5.995730634247138
2020-W50,413.1775,2020-12-07 00:00:00+00:00,413.1775,408.17416852119135,3.3553840414474045,401.46340043829656,414.88493660408614,-5.003331478808661
2020-W51,413.86,2020-12-14 00:00:00+00:00,413.86,408.4590350432067,3.3597332341588078,401.7395685748891,415.1785015115243,-5.4009649567933025
2020-W52,414.2,2020-12-21 00:00:00+00:00,414.2,408.7159473390952,3.3640337124412296,401.9878799142127,415.44401476397763,-5.484052660904808
2020-W53,415.5225,2020-12-28 00:00:00+00:00,415.5225,408.94719097109413,3.3682862859259375,402.21061839924226,415.683763542946,-6.575309028905849
2021-W01,414.975,2021-01-04 00:00:00+00:00,414.975,409.1574718337674,3.372497368038488,402.4124770976904,415.90246656984436,-5.817528166232648
2021-W02,415.0075,2021-01-11 00:00:00+00:00,415.0075,409.35282868383587,3.3766705647155977,402.5994875544047,416.10616981326706,-5.654671316164126
2021-W03,415.7375,2021-01-18 00:00:00+00:00,415.7375,409.5398104107175,3.3808019092041066,402.7782065923093,416.3014142291257,-6.197689589282504
2021-W04,415.8875,2021-01-25 00:00:00+00:00,415.8875,409.72543186374463,3.3848943579561372,402.95564314783235,416.4952205796569,-6.162068136255357
2021-W05,416.08,2021-02-01 00:00:00+00:00,416.08,409.916169978273,3.3889509485349834,403.138268081203,416.69407187534296,-6.163830021726994
2021-W06,417.665,2021-02-08 00:00:00+00:00,417.665,410.11740319801396,3.3929745798779116,403.33145403825813,416.9033523577698,-7.54759680198606
2021-W07,415.9275,2021-02-15 00:00:00+00:00,415.9275,410.3329792905956,3.396967817503558,403.53904365558844,417.1269149256027,-5.594520709404435
2021-W08,416.8675,2021-02-22 00:00:00+00:00,416.8675,410.56492620049033,3.4009327495806803,403.763060701329,417.3667916996517,-6.302573799509673
2021-W09,419.2125,2021-03-01 00:00:00+00:00,419.2125,410.8133071381912,3.4048709226666842,404.00356529285784,417.62304898352454,-8.399192861808785
2021-W10,416.3275,2021-03-08 00:00:00+00:00,416.3275,411.07620990646905,3.4087833840866666,404.2586431382957,417.89377667464237,-5.25129009353094
2021-W11,417.38,2021-03-15 00:00:00+00:00,417.38,411.3498523238981,3.4126708484417763,404.5245106270146,418.17519402078165,-6.030147676101876
2021-W12,418.7575,2021-03-22 00:00:00+00:00,418.7575,411.62878082816536,3.416533989031186,404.795712850103,418.46184880622775,-7.128719171834632
2021-W13,417.165,2021-03-29 00:00:00+00:00,417.165,411.9061379104846,3.420373835460054,405.06539023956446,418.7468855814047,-5.258862089515446
2021-W14,418.755,2021-04-05 00:00:00+00:00,418.755,412.17397550649406,3.424192241290495,405.3255910239131,419.022359989075,-6.581024493505936
2021-W15,419.25,2021-04-12 00:00:00+00:00,419.25,412.4235951692339,3.4279923742393645,405.5676104207552,419.2795799177126,-6.82640483076608
2021-W16,417.225,2021-04-19 00:00:00+00:00,417.225,412.64590090024507,3.4317791766730297,405.78234254689903,419.5094592535911,-4.579099099754956
2021-W17,419.75,2021-04-26 00:00:00+00:00,419.75,412.83175590638933,3.4355597448592823,405.96063641667075,419.7028753961079,-6.918244093610667
2021-W18,420.075,2021-05-03 00:00:00+00:00,420.075,412.9723393120825,3.4393435789272564,406.093652154228,419.85102646993704,-7.102660687917478
2021-W19,418.87,2021-05-10 00:00:00+00:00,418.87,413.0595021136491,3.4431426601540784,406.17321679334094,419.94578743395726,-5.810497886350902
2021-W20,419.7275,2021-05-17 00:00:00+00:00,419.7275,413.0861227734735,3.4469713181729693,406.1921801371276,419.9800654098194,-6.641377226526515
2021-W21,418.835,2021-05-24 00:00:00+00:00,418.835,413.0464615151163,3.450845859032585,406.1447697970511,419.9481532331815,-5.788538484883702
2021-W22,417.4425,2021-05-31 00:00:00+00:00,417.4425,412.9365086745551,3.4547839378497924,406.02694079885555,419.8460765502547,-4.505991325444882
2021-W23,418.105,2021-06-07 00:00:00+00:00,418.105,412.75431688587054,3.458803679336028,405.8367095271985,419.6719242445426,-5.350683114129481
2021-W24,419.4125,2021-06-14 00:00:00+00:00,419.4125,412.5003003510523,3.462922576315811,405.5744551984207,419.4261455036839,-6.9121996489477056
2021-W25,418.5975,2021-06-21 00:00:00+00:00,418.5975,412.1774780724831,3.46715623133598,405.2431656098111,419.1117905351551,-6.4200219275169275
2021-W26,418.235,2021-06-28 00:00:00+00:00,418.235,411.7916330870307,3.471517044921319,404.84859899718805,418.7346671768733,-6.4433669129693385
2021-W27,417.56,2021-07-05 00:00:00+00:00,417.56,411.3513576639111,3.47601299042471,404.39933168306163,418.3033836447605,-6.2086423360889285
2021-W28,417.4825,2021-07-12 00:00:00+00:00,417.4825,410.8679561492922,3.480646637735202,403.9066628738218,417.82924942476257,-6.6145438507078325
2021-W29,416.365,2021-07-19 00:00:00+00:00,416.365,410.3551833025144,3.485414585284012,403.38435413194634,417.3260124730824,-6.009816697485633
2021-W30,415.525,2021-07-26 00:00:00+00:00,415.525,409.82880659285223,3.490307423289651,402.8481917462729,416.80942143943156,-5.696193407147746
2021-W31,415.0025,2021-08-02 00:00:00+00:00,415.0025,409.30599545633453,3.4953102811486785,402.3153748940372,416.2966160186319,-5.696504543665469
2021-W32,414.72,2021-08-09 00:00:00+00:00,414.72,408.80455767299503,3.5004039198771464,401.8037498332407,415.80536551274935,-5.915442327004996
2021-W33,414.195,2021-08-16 00:00:00+00:00,414.195,408.3420610434427,3.505566237450686,401.3309285685413,415.3531935183441,-5.852938956557296
2021-W34,413.95,2021-08-23 00:00:00+00:00,413.95,407.934895177163,3.510773984682225,400.91334720779855,414.9564431465275,-6.015104822836975
2021-W35,412.345,2021-08-30 00:00:00+00:00,412.345,407.5973411615436,3.516004460003775,400.56533224153605,414.6293500815512,-4.7476588384564025
2021-W36,412.98,2021-09-06 00:00:00+00:00,412.98,407.34072400795634,3.5212369697887005,400.29825006837893,414.38319794753374,-5.639275992043679
2021-W37,413.1425,2021-09-13 00:00:00+00:00,413.1425,407.17272245492717,3.526453897903131,400.1198146591209,414.22563025073345,-5.969777545072816
2021-W38,412.9725,2021-09-20 00:00:00+00:00,412.9725,407.09690220574925,3.53164130631414,400.033619593121,414.1601848183775,-5.87559779425078
2021-W39,413.5825,2021-09-27 00:00:00+00:00,413.5825,407.1125222191062,3.536789066722502,400.0389440856612,414.1861003525512,-6.469977780893771
2021-W40,413.4075,2021-10-04 00:00:00+00:00,413.4075,407.2146406365304,3.541890586130639,400.1308594642691,414.2984218087917,-6.1928593634696085
2021-W41,413.575,2021-10-11 00:00:00+00:00,413.575,407.39451968715224,3.5469422299389173,400.3006352272744,414.48840414703005,-6.180480312847749
2021-W42,414.2875,2021-10-18 00:00:00+00:00,414.2875,407.64030051117373,3.551942565725176,400.5364153797234,414.7441856426241,-6.647199488826288
2021-W43,414.015,2021-10-25 00:00:00+00:00,414.015,407.93789268410404,3.556891554108994,400.82410957588604,415.05167579232204,-6.077107315895944
2021-W44,414.27,2021-11-01 00:00:00+00:00,414.27,408.2720024932882,3.5617898033551363,401.1484228865779,415.3955820999985,-5.9979975067117834
2021-W45,414.6175,2021-11-08 00:00:00+00:00,414.6175,408.6272112480678,3.5666379830193073,401.49393528202916,415.76048721410643,-5.990288751932212
2021-W46,414.6425,2021-11-15 00:00:00+00:00,414.6425,408.98901160744066,3.571436458545937,401.84613869034877,416.13188452453255,-5.653488392559325
2021-W47,415.2825,2021-11-22 00:00:00+00:00,415.2825,409.3447163353871,3.576185165818728,402.19234600374966,416.4970866670245,-5.937783664612937
2021-W48,415.8925,2021-11-29 00:00:00+00:00,415.8925,409.68416902805114,3.5808836984215353,402.5224016312081,416.8459364248942,-6.20833097194884
2021-W49,415.9625,2021-12-06 00:00:00+00:00,415.9625,410.0002081081497,3.5855315418740332,402.82914502440167,417.17127119189774,-5.9622918918502705
2021-W50,417.3025,2021-12-13 00:00:00+00:00,417.3025,410.28886092385295,3.590128367707656,403.10860418843765,417.46911765926825,-7.013639076147058
2021-W51,417.22,2021-12-20 00:00:00+00:00,417.22,410.54927097333933,3.5946743023921974,403.3599223685549,417.73861957812375,-6.670729026660695
2021-W52,417.9675,2021-12-27 00:00:00+00:00,417.9675,410.7833851553027,3.5991701083388565,403.585044938625,417.9817253719804,-7.1841148446972625
2022-W01,417.495,2022-01-03 00:00:00+00:00,417.495,410.99544704346994,3.603617247776966,403.78821254791603,418.20268153902384,-6.499552956530067
2022-W02,418.06,2022-01-10 00:00:00+00:00,418.06,411.1913549299374,3.608017832650329,403.97531926463677,418.40739059523804,-6.868645070062598
2022-W03,417.5525,2022-01-17 00:00:00+00:00,417.5525,411.3779490613692,3.612374485602969,404.15320009016324,418.6026980325751,-6.17455093863083
2022-W04,419.4175,2022-01-24 00:00:00+00:00,419.4175,411.5622913577776,3.6166901454764893,404.3289110668246,418.7956716487306,-7.855208642222408
2022-W05,419.0525,2022-01-31 00:00:00+00:00,419.0525,411.75099394367356,3.6209678489062767,404.509058245861,418.9929296414861,-7.301506056326446
2022-W06,418.6,2022-02-07 00:00:00+00:00,418.6,411.94964154683333,3.625210514557772,404.6992205177178,419.2000625759489,-6.650358453166689
2022-W07,419.8625,2022-02-14 00:00:00+00:00,419.8625,412.16233902778407,3.6294207535378344,404.9034975207084,419.42118053485973,-7.70016097221594
2022-W08,420.1175,2022-02-21 00:00:00+00:00,420.1175,412.3914007586813,3.6336007304376308,405.12419929780606,419.65860221955654,-7.726099241318707
2022-W09,419.0675,2022-02-28 00:00:00+00:00,419.0675,412.63718489512615,3.6377521015368752,405.3616806920524,419.9126890981999,-6.430315104873841
2022-W10,418.6025,2022-03-07 00:00:00+00:00,418.6025,412.8980640056638,3.6418760550415965,405.6143118955806,420.181816115747,-5.704435994336222
2022-W11,419.025,2022-03-14 00:00:00+00:00,419.025,413.1705149086069,3.6459734700704036,405.8785679684661,420.4624618487477,-5.854485091393087
2022-W12,417.885,2022-03-21 00:00:00+00:00,417.885,413.4493053003193,3.6500451959276563,406.149214908464,420.7493956921746,-4.43569469968071
2022-W13,420.25499999999994,2022-03-28 00:00:00+00:00,420.25499999999994,413.7277528544532,3.6540924351945643,406.41956798406403,421.0359377248423,-6.527247145546767
2022-W14,419.7183333333333,2022-04-04 00:00:00+00:00,419.7183333333333,413.99803355425905,3.658117197240372,406.68179915977834,421.31426794873977,-5.720299779074253
2022-W15,420.2424999999999,2022-04-11 00:00:00+00:00,420.2424999999999,414.25151944768953,3.6621227772981553,406.92727389309323,421.57576500228583,-5.990980552310361
2022-W16,421.2266666666667,2022-04-18 00:00:00+00:00,421.2266666666667,414.4791309125089,3.6661142108229168,407.14690249086306,421.8113593341547,-6.747535754157809
2022-W17,420.6333333333334,2022-04-25 00:00:00+00:00,420.6333333333334,414.6716939139464,3.670098652754371,407.33149660843765,422.01189121945515,-5.961639419386984
2022-W18,419.5016666666666,2022-05-02 00:00:00+00:00,419.5016666666666,414.82029763775284,3.674085633910988,407.4721263699309,422.1684689055748,-4.681369028913764
2022-W19,421.6383333333333,2022-05-09 00:00:00+00:00,421.6383333333333,414.9166513895129,3.678087150991957,407.56047708752897,422.2728256914968,-6.7216819438204425
2022-W20,421.9779999999999,2022-05-16 00:00:00+00:00,421.9779999999999,414.95344109690853,3.6821175520374703,407.58920599283357,422.3176762009835,-7.024558903091361
2022-W21,421.18666666666667,2022-05-23 00:00:00+00:00,421.18666666666667,414.9246847655617,3.6861931872461007,407.55229839106954,422.2970711400539,-6.261981901104946
2022-W22,421.50500000000005,2022-05-30 00:00:00+00:00,421.50500000000005,414.826082858201,3.6903318074167504,407.4454192433675,422.2067464730345,-6.678917141799047
2022-W23,421.3775,2022-06-06 00:00:00+00:00,421.3775,414.6553542220958,3.694551711116769,407.2662507998623,422.0444576443293,-6.722145777904188
2022-W24,420.86875,2022-06-13 00:00:00+00:00,420.86875,414.4125417367272,3.6988706680498122,407.01480040062756,421.8102830728268,-6.456208263272799
2022-W25,420.8633333333334,2022-06-20 00:00:00+00:00,420.8633333333334,414.1002653987693,3.703304679525048,406.6936560397192,421.5068747578194,-6.763067934564106
2022-W26,420.6,2022-06-27 00:00:00+00:00,420.6,413.7238954395602,3.707866674922408,406.3081620897154,421.139628789405,-6.876104560439842
2022-W27,419.53833333333336,2022-07-04 00:00:00+00:00,419.53833333333336,413.29161552920635,3.7125652786761254,405.8664849718541,420.7167460865586,-6.246717804127002
2022-W28,418.36,2022-07-11 00:00:00+00:00,418.36,412.81434727890377,3.7174038058213363,405.3795396672611,420.24915489054644,-5.545652721096246
2022-W29,418.9425,2022-07-18 00:00:00+00:00,418.9425,412.3055127520806,3.7223796442847816,404.860753463511,419.75027204065015,-6.636987247919421
2022-W30,417.85,2022-07-25 00:00:00+00:00,417.85,411.78062172075664,3.727484150007015,404.32565342074264,419.23559002077064,-6.069378279243381
2022-W31,418.4575,2022-08-01 00:00:00+00:00,418.4575,411.2566844280613,3.732703116347666,403.791278195366,418.72209066075663,-7.200815571938676
2022-W32,417.4225,2022-08-08 00:00:00+00:00,417.4225,410.7514675047009,3.738017790974942,403.275431922751,418.22750308665076,-6.67103249529913
2022-W33,416.2275,2022-08-15 00:00:00+00:00,416.2275,410.282628704112,3.743406321949624,402.79581606021276,417.7694413480113,-5.944871295887992
2022-W34,416.71,2022-08-22 00:00:00+00:00,416.71,409.86678308417544,3.7488454415183012,402.3690922011388,417.36447396721206,-6.8432169158245415
2022-W35,415.9683333333333,2022-08-29 00:00:00+00:00,415.9683333333333,409.5185668815233,3.754312161860102,402.00994255780313,417.0271912052435,-6.449766451809978
2022-W36,416.12000000000006,2022-09-05 00:00:00+00:00,416.12000000000006,409.2497733825098,3.7597852677745194,401.7302028469607,416.76934391805884,-6.870226617490289
2022-W37,415.47166666666664,2022-09-12 00:00:00+00:00,415.47166666666664,409.0686359123087,3.7652464426818897,401.5381430269449,416.5991287976725,-6.403030754357928
2022-W38,415.5783333333334,2022-09-19 00:00:00+00:00,415.5783333333334,408.9793257289079,3.7706809386038254,401.43796385170026,416.52068760611553,-6.599007604425481
2022-W39,415.32166666666666,2022-09-26 00:00:00+00:00,415.32166666666666,408.98171722218325,3.7760777789376694,401.4295616643079,416.5338727800586,-6.339949444483409
2022-W40,415.18,2022-10-03 00:00:00+00:00,415.18,409.07145060676925,3.781429547675402,401.50859151141844,416.63430970212005,-6.10854939323076
2022-W41,415.4475,2022-10-10 00:00:00+00:00,415.4475,409.240295466227,3.7867318629499382,401.6668317403271,416.8137591921269,-6.207204533772995
2022-W42,415.93666666666667,2022-10-17 00:00:00+00:00,415.93666666666667,409.47679008104245,3.791982655223262,401.89282477059595,417.06075539148895,-6.459876585624215
2022-W43,415.7533333333334,2022-10-24 00:00:00+00:00,415.7533333333334,409.767104778019,3.797181375932075,402.1727420261549,417.36146752988316,-5.986228555314369
2022-W44,416.17333333333335,2022-10-31 00:00:00+00:00,416.17333333333335,410.09605586714537,3.802328253856172,402.49139935943305,417.7007123748577,-6.077277466187979
2022-W45,416.835,2022-11-07 00:00:00+00:00,416.835,410.4481827006843,3.807423696501334,402.83333530768164,418.06303009368696,-6.38681729931568
2022-W46,417.0175,2022-11-14 00:00:00+00:00,417.0175,410.80879569431494,3.8124679016519956,403.18385989101097,418.4337314976189,-6.208704305685046
2022-W47,418.2475,2022-11-21 00:00:00+00:00,418.2475,411.16490822122654,3.8174607029405974,403.52998681534535,418.7998296271077,-7.0825917787734625
2022-W48,418.565,2022-11-28 00:00:00+00:00,418.565,411.5059792842389,3.8224016280408084,403.8611760281573,419.1507825403205,-7.059020715761108
2022-W49,418.8825,2022-12-05 00:00:00+00:00,418.8825,411.8244148386315,3.827290109128436,404.1698346203747,419.4789950568884,-7.058085161368467
2022-W50,419.2,2022-12-12 00:00:00+00:00,419.2,412.1158008260267,3.832125762232172,404.45154930156235,419.7800523504911,-7.084199173973275
2022-W51,419.5175,2022-12-19 00:00:00+00:00,419.5175,412.37886726810615,3.8369086511623944,404.70504996578137,420.0526845704309,-7.138632731893836
2022-W52,419.9975,2022-12-26 00:00:00+00:00,419.9975,412.6152071394558,3.8416394712271504,404.93192819700147,420.2984860819101,-7.382292860544226
2023-W01,419.15,2023-01-02 00:00:00+00:00,419.15,412.82879365061166,3.846319619895767,405.1361544108201,420.5214328904032,-6.321206349388319
2023-W02,418.845,2023-01-09 00:00:00+00:00,418.845,413.0253532883457,3.850951153874726,405.32345098059625,420.7272555960951,-5.819646711654343
2023-W03,419.3875,2023-01-16 00:00:00+00:00,419.3875,413.2116586675715,3.8555366555334953,405.50058535650453,420.92273197863847,-6.17584133242849
2023-W04,420.515,2023-01-23 00:00:00+00:00,420.515,413.3948050462954,3.8600790418593567,405.6746469625767,421.11496313001413,-7.120194953704583
2023-W05,420.0675,2023-01-30 00:00:00+00:00,420.0675,413.581528151963,3.8645813486755003,405.852365454612,421.310690849314,-6.485971848036968
2023-W06,420.14,2023-02-06 00:00:00+00:00,420.14,413.77761020997644,3.8690465178676527,406.03951717424115,421.51570324571173,-6.362389790023542
2023-W07,423.3625,2023-02-13 00:00:00+00:00,423.3625,413.9874075273205,3.873477211486702,406.24045310434707,421.73436195029393,-9.375092472679512
2023-W08,422.3025,2023-02-20 00:00:00+00:00,422.3025,414.2135184426756,3.8778756761565627,406.4577670903625,421.9692697949887,-8.088981557324416
2023-W09,421.2425,2023-02-27 00:00:00+00:00,421.2425,414.4565965774404,3.8822436823353543,406.6921092127697,422.2210839421111,-6.785903422559613
2023-W10,420.1825,2023-03-06 00:00:00+00:00,420.1825,414.71530237576593,3.886582561547114,406.9421372526717,422.48846749886013,-5.467197624234075
2023-W11,421.14,2023-03-13 00:00:00+00:00,421.14,414.9863768441741,3.890893357437012,407.2045901293001,422.76816355904816,-6.153623155825869
2023-W12,421.345,2023-03-20 00:00:00+00:00,421.345,415.2648156503878,3.8951770929266702,407.47446146453444,423.05516983624113,-6.080184349612239
2023-W13,421.345,2023-03-27 00:00:00+00:00,421.345,415.5441193471219,3.8994351389506963,407.7452490692205,423.34298962502334,-5.8008806528781065
2023-W14,422.99,2023-04-03 00:00:00+00:00,422.99,415.8165961826839,3.9036696539998106,408.0092568746843,423.6239354906835,-7.173403817316114
2023-W15,423.265,2023-04-10 00:00:00+00:00,423.265,416.07369707490074,3.9078840521987024,408.2579289705033,423.88946517929816,-7.191302925099251
2023-W16,423.37875,2023-04-17 00:00:00+00:00,423.37875,416.30636706863373,3.912083451544898,408.48220016554393,424.13053397172354,-7.072382931366292
2023-W17,423.4925,2023-04-24 00:00:00+00:00,423.4925,416.50540296272305,3.916275053107116,408.6728528565088,424.3379530689373,-6.987097037276953
2023-W18,424.095,2023-05-01 00:00:00+00:00,424.095,416.66181181876385,3.9204684038727127,408.8208750110184,424.5027486265093,-7.433188181236176
2023-W19,424.59,2023-05-08 00:00:00+00:00,424.59,416.7671688053328,3.924675499507527,408.91781780631777,424.61651980434783,-7.822831194667174
2023-W20,424.355,2023-05-15 00:00:00+00:00,424.355,416.81397460169904,3.92891068833867,408.9561532250217,424.6717959783764,-7.541025398300974
2023-W21,424.12,2023-05-22 00:00:00+00:00,424.12,416.79601195344225,3.9331903452275774,408.9296312629871,424.6623926438974,-7.3239880465577585
2023-W22,424.73,2023-05-29 00:00:00+00:00,424.73,416.7086979191758,3.9375322963216837,408.83363332653244,424.58376251181915,-8.021302080824228
2023-W23,425.385,2023-06-05 00:00:00+00:00,425.385,416.5494232547812,3.941954993461233,408.6655132678587,424.4333332417036,-8.835576745218816
2023-W24,424.2075,2023-06-12 00:00:00+00:00,424.2075,416.3178640258506,3.9464764630222295,408.42491109980614,424.2108169518951,-7.889635974149371
2023-W25,423.03,2023-06-19 00:00:00+00:00,423.03,416.0162440292792,3.951113086103561,408.1140178570721,423.91847020148634,-7.0137559707207515
2023-W26,421.82,2023-06-26 00:00:00+00:00,421.82,415.64952121851314,3.955878304367836,407.73776460977746,423.56127782724883,-6.17047878148685
2023-W27,422.2975,2023-07-03 00:00:00+00:00,422.2975,415.22546836288024,3.960781380774048,407.30390560133213,423.14703112442834,-7.072031637119778
2023-W28,422.4025,2023-07-10 00:00:00+00:00,422.4025,414.7546187543434,3.965826369146371,406.82296601605066,422.6862714926362,-7.647881245656549
2023-W29,423.4575,2023-07-17 00:00:00+00:00,423.4575,414.2500526427779,3.9710114491857276,406.30802974440644,422.1920755411494,-9.207447357222065
2023-W30,420.815,2023-07-24 00:00:00+00:00,420.815,413.72700947729976,3.9763287557477316,405.77435196580427,421.67966698879525,-7.087990522700238
2023-W31,420.67875,2023-07-31 00:00:00+00:00,420.67875,413.2023245404002,3.9817647715335993,405.238794997333,421.16585408346737,-7.476425459599795
2023-W32,420.5425,2023-08-07 00:00:00+00:00,420.5425,412.6937051354202,3.9873012683312057,404.7191025987578,420.6683076720826,-7.848794864579816
2023-W33,418.785,2023-08-14 00:00:00+00:00,418.785,412.2188794518028,3.9929166916340453,404.23304606853475,420.2047128350709,-6.566120548197205
2023-W34,419.1825,2023-08-21 00:00:00+00:00,419.1825,411.7946684941002,3.998587808700365,403.7974928766995,419.79184411150095,-7.387831505899783
2023-W35,419.3425,2023-08-28 00:00:00+00:00,419.3425,411.436045675628,4.004291400453699,403.4274628747206,419.4446284765354,-7.906454324371964
2023-W36,419.81,2023-09-04 00:00:00+00:00,419.81,411.1552576509079,4.010005781833638,403.13524608724066,419.17526921457517,-8.65474234909209
2023-W37,418.32,2023-09-11 00:00:00+00:00,418.32,410.96108187250724,4.015711980347484,402.9296579118123,418.9925058332022,-7.358918127492757
2023-W38,418.7325,2023-09-18 00:00:00+00:00,418.7325,410.8582902088114,4.021394473100402,402.8155012626106,418.9010791550122,-7.874209791188605
2023-W39,418.875,2023-09-25 00:00:00+00:00,418.875,410.8473736643377,4.027041459860476,402.79329074461674,418.9014565840586,-8.027626335662319
2023-W40,420.44,2023-10-02 00:00:00+00:00,420.44,410.9245618943409,4.032644716383037,402.85927246157485,418.989851327107,-9.515438105659086
2023-W41,418.2625,2023-10-09 00:00:00+00:00,418.2625,411.08214486405126,4.0381991195976745,403.00574662485593,419.1585431032466,-7.18035513594873
2023-W42,419.4575,2023-10-16 00:00:00+00:00,419.4575,411.3090756013284,4.043701961735654,403.2216716778571,419.3964795247997,-8.14842439867158
2023-W43,418.8625,2023-10-23 00:00:00+00:00,418.8625,411.59180584879,4.049152178230661,403.4935014923287,419.6901102052513,-7.270694151210023
2023-W44,418.8525,2023-10-30 00:00:00+00:00,418.8525,411.91528384980705,4.054549607406949,403.80618463499314,420.02438306462096,-6.937216150192967
2023-W45,419.195,2023-11-06 00:00:00+00:00,419.195,412.26402824992186,4.059894380957796,404.1442394880063,420.38381701183744,-6.930971750078129
2023-W46,423.755,2023-11-13 00:00:00+00:00,423.755,412.62318601457304,4.065186513704392,404.49281298716426,420.7535590419818,-11.131813985426959
2023-W47,422.39375,2023-11-20 00:00:00+00:00,422.39375,412.979485958624,4.070425721198367,404.8386345162273,421.1203374010208,-9.414264041375986
2023-W48,421.0325,2023-11-27 00:00:00+00:00,421.0325,413.3220122985244,4.075611449411806,405.17078939970077,421.473235197348,-7.7104877014756426
2023-W49,420.4,2023-12-04 00:00:00+00:00,420.4,413.6427427649491,4.080743061591165,405.4812566417668,421.80422888813143,-6.757257235050872
2023-W50,422.0425,2023-12-11 00:00:00+00:00,422.0425,413.93682058331837,4.085820102765507,405.7651803777874,422.10846078884936,-8.105679416681653
2023-W51,421.7425,2023-12-18 00:00:00+00:00,421.7425,414.20255595493876,4.090842558565677,406.0208708378074,422.3842410720701,-7.539944045061247
2023-W52,421.75,2023-12-25 00:00:00+00:00,421.75,414.44117748716457,4.095811041888642,406.24955540338726,422.63279957094187,-7.308822512835434
2024-W01,422.3075,2024-01-01 00:00:00+00:00,422.3075,414.6563747019267,4.100726871013024,406.4549209599007,422.85782844395277,-7.651125298073282
2024-W02,422.885,2024-01-08 00:00:00+00:00,422.885,414.8531667854499,4.105578808921159,406.64200916760757,423.06432440329223,-8.03183321455009
2024-W03,423.845,2024-01-15 00:00:00+00:00,423.845,415.0388061593098,4.110382869165058,406.8180404209797,423.2595718976399,-8.806193840690241
2024-W04,422.46,2024-01-22 00:00:00+00:00,422.46,415.2203494650043,4.115141916513175,406.9900656319779,423.45063329803065,-7.23965053499569
2024-W05,423.2925,2024-01-29 00:00:00+00:00,423.2925,415.4045924952538,4.119858958920702,407.1648745774124,423.6443104130952,-7.887907504746238
2024-W06,426.04,2024-02-05 00:00:00+00:00,426.04,415.59746810356813,4.124536939790534,407.34839422398704,423.8465419831492,-10.442531896431888
2024-W07,424.2125,2024-02-12 00:00:00+00:00,424.2125,415.8035596569193,4.129178556685895,407.5452025435475,424.0619167702911,-8.408940343080701
2024-W08,424.6083333333333,2024-02-19 00:00:00+00:00,424.6083333333333,416.0257506914226,4.133786128764864,407.7581784338929,424.2933229489523,-8.582582641910676
2024-W09,425.00416666666666,2024-02-26 00:00:00+00:00,425.00416666666666,416.26501765863435,4.138361535490996,407.9882945876524,424.5417407296163,-8.739149008032314
2024-W10,425.4,2024-03-04 00:00:00+00:00,425.4,416.5203605982992,4.1429062477882885,408.2345481027226,424.80617309387577,-8.879639401700786
2024-W11,425.06375,2024-03-11 00:00:00+00:00,425.06375,416.7888572020624,4.147421466591343,408.4940142688797,425.08370013524507,-8.274892797937639
2024-W12,424.7275,2024-03-18 00:00:00+00:00,424.7275,417.0658195496166,4.151908371945911,408.76200280572476,425.36963629350845,-7.661680450383415
2024-W13,425.1075,2024-03-25 00:00:00+00:00,425.1075,417.34502993506834,4.156368470455343,409.0322929941577,425.657766875979,-7.7624700649316765
2024-W14,425.4875,2024-04-01 00:00:00+00:00,425.4875,417.6190323868163,4.160804013763974,409.29742435928836,425.9406404143442,-7.868467613183725
2024-W15,425.8675,2024-04-08 00:00:00+00:00,425.8675,417.87945918260306,4.165218449147725,409.5490222843076,426.2098960808985,-7.98804081739695
2024-W16,425.8525,2024-04-15 00:00:00+00:00,425.8525,418.11737607560866,4.169616856881168,409.77814236184634,426.456609789371,-7.73512392439136
2024-W17,425.8375,2024-04-22 00:00:00+00:00,425.8375,418.32363515126275,4.174006327248007,409.97562249676673,426.67164780575877,-7.513864848737228
2024-W18,425.8225,2024-04-29 00:00:00+00:00,425.8225,418.48922927749885,4.1783962312021385,410.1324368150946,426.8460217399031,-7.33327072250114
2024-W19,425.8775,2024-05-06 00:00:00+00:00,425.8775,418.6056460411077,4.18279834156327,410.2400493579812,426.97124272423423,-7.2718539588922795
2024-W20,426.255,2024-05-13 00:00:00+00:00,426.255,418.6652211964924,4.187226765957626,410.2907676645771,427.03967472840765,-7.589778803507613
2024-W21,426.6325,2024-05-20 00:00:00+00:00,426.6325,418.6614914816186,4.191697659471988,410.2780961626746,427.0448868005626,-7.971008518381382
2024-W22,426.9525,2024-05-27 00:00:00+00:00,426.9525,418.58954410573136,4.196228696005319,410.19708671372075,426.982001497742,-8.362955894268623
2024-W23,427.6025,2024-06-03 00:00:00+00:00,427.6025,418.4463555716815,4.200838294214759,410.044678983252,426.848032160111,-9.156144428318498
2024-W24,427.705,2024-06-10 00:00:00+00:00,427.705,418.2311064523478,4.205544617835642,409.8200172166765,426.64219568801906,-9.47389354765221
2024-W25,427.2975,2024-06-17 00:00:00+00:00,427.2975,417.94545231513115,4.210364400797224,409.5247235135367,426.3661811167256,-9.352047684868865
2024-W26,426.9075,2024-06-24 00:00:00+00:00,426.9075,417.5937254065379,4.215311682831369,409.1631020408752,426.0243487722006,-9.313774593462142
2024-W27,425.3675,2024-07-01 00:00:00+00:00,425.3675,417.1830382412176,4.22039657562657,408.74224508996446,425.6238313924708,-8.18446175878239
2024-W28,426.3325,2024-07-08 00:00:00+00:00,426.3325,416.72326003556594,4.225624205404886,408.27201162475615,425.17450844637574,-9.609239964434039
2024-W29,426.06,2024-07-15 00:00:00+00:00,426.06,416.22684077771777,4.230993984215374,407.76485280928705,424.6888287461485,-9.833159222282234
2024-W30,424.715,2024-07-22 00:00:00+00:00,424.715,415.70846601046145,4.236499341456994,407.23546732754744,424.18146469337546,-9.006533989538525
2024-W31,424.505,2024-07-29 00:00:00+00:00,424.505,415.1845378170423,4.2421279950700725,406.7002818269022,423.66879380718245,-9.32046218295767
2024-W32,424.688,2024-08-05 00:00:00+00:00,424.688,414.6724931922094,4.247862765448895,406.1767676613116,423.1682187231072,-10.015506807790587
2024-W33,421.485,2024-08-12 00:00:00+00:00,421.485,414.1899884200415,4.25368284799779,405.6826227240459,422.6973541160371,-7.295011579958498
2024-W34,423.11833333333334,2024-08-19 00:00:00+00:00,423.11833333333334,413.7539953056716,4.259565384378034,405.23486453691555,422.27312607442764,-9.364338027661745
2024-W35,420.405,2024-08-26 00:00:00+00:00,420.405,413.37986988446795,4.265487125509389,404.84889563344916,421.91084413548674,-7.025130115532022
2024-W36,422.955,2024-09-02 00:00:00+00:00,422.955,413.0804643426331,4.271425974218678,404.5376123941957,421.62331629107047,-9.874535657366891
2024-W37,421.955,2024-09-09 00:00:00+00:00,421.955,412.8653564639703,4.277362229995968,404.31063200397836,421.4200809239622,-9.089643536029712
2024-W38,421.925,2024-09-16 00:00:00+00:00,421.925,412.7402667711162,4.28327942181737,404.1737079274814,421.30682561475095,-9.184733228883829
2024-W39,422.07375,2024-09-23 00:00:00+00:00,422.07375,412.70672136893194,4.289164689189703,404.12839199055253,421.28505074731135,-9.36702863106808
2024-W40,422.2225,2024-09-30 00:00:00+00:00,422.2225,412.76199909662904,4.29500873963692,404.1719816173552,421.3520165759029,-9.460500903370985
2024-W41,423.0,2024-10-07 00:00:00+00:00,423.0,412.8993767656088,4.300805461783451,404.2977658420419,421.5009876891757,-10.100623234391207
2024-W42,422.615,2024-10-14 00:00:00+00:00,422.615,413.1086586617043,4.306551303429597,404.4955560548451,421.72176126856345,-9.506341338295726
2024-W43,422.035,2024-10-21 00:00:00+00:00,422.035,413.37694932574453,4.312244535569924,404.75246025460467,422.0014383968844,-8.658050674255492
2024-W44,422.91,2024-10-28 00:00:00+00:00,422.91,413.6896051341195,4.317884519766146,405.0538360945872,422.3253741736518,-9.220394865880507
2024-W45,423.5325,2024-11-04 00:00:00+00:00,423.5325,414.0312832680815,4.323471080296226,405.38434110748904,422.67822542867395,-9.501216731918532
2024-W46,423.32,2024-11-11 00:00:00+00:00,423.32,414.3869983094068,4.329004055215162,405.7289901989765,423.04500641983714,-8.933001690593187
2024-W47,423.775,2024-11-18 00:00:00+00:00,423.775,414.7430978680299,4.334483063508034,406.07413174101384,423.41206399504597,-9.031902131970071
2024-W48,425.04,2024-11-25 00:00:00+00:00,425.04,415.08807899034804,4.339907483435592,406.4082640234769,423.7678939572192,-9.951921009651983
2024-W49,425.1,2024-12-02 00:00:00+00:00,425.1,415.41318513348455,4.345276597654836,406.72263193817486,424.10373832879424,-9.686814866515476
2024-W50,424.815,2024-12-09 00:00:00+00:00,424.815,415.71274681410654,4.350589833090556,407.0115671479254,424.41392648028767,-9.10225318589346
2024-W51,424.53,2024-12-16 00:00:00+00:00,424.53,415.9842546877066,4.355847014772369,407.27256065816186,424.6959487172513,-8.545745312293377
2024-W52,425.475,2024-12-23 00:00:00+00:00,425.475,416.22817878331483,4.36104856424337,407.5060816548281,424.95027591180155,-9.246821216685191
