year_week,WIND_DIRECTION_DEG,WIND_SPEED_MS,BAROMETRIC_PRESSURE_HPA,TEMP_2M_C,RELATIVE_HUMIDITY_PCT,total_ozone,mu,value
1976-W53,134.6875,8.577083,678.8125,5.825,17.479167,254.25,1.38725,332.855
1977-W01,200.803571,5.010119,679.539881,6.855952,32.946429,239,1.3584,332.3
1977-W02,216.696429,5.04881,678.653333,5.970833,30.779762,228.2,1.3564,332.645
1977-W03,192.083333,5.599405,678.8375,6.436747,31.042169,248.4,1.318,333.11
1977-W04,203.994048,4.367262,678.458929,6.422619,36.684524,244.4,1.2804,333.23
1977-W05,151.041667,3.697619,679.393452,7.082143,37.186747,249,1.2512,332.335
1977-W06,163.779762,3.92619,680.140476,7.965476,29.180723,239.2,1.267,333.07
1977-W07,163.159722,2.915972,680.138095,6.082822,40.392857,248.4,1.209,333.22
1977-W08,142.868852,7.148361,680.850595,4.47561,54.571429,257,1.165,333.35
1977-W09,120.269461,8.686228,678.567857,2.795062,58.017857,265.75,1.189,334.4
1977-W10,145.778443,7.762874,679.392262,7.725595,30.107143,264.4,1.1432,333.545
1977-W11,146.25,5.859524,678.045833,3.938621,52.946429,269.6,1.174,333.365
1977-W12,137.994012,6.309581,678.172024,4.320155,33.254545,284.8,1.1064,334.795
1977-W13,191,7.428485,677.236905,5.149102,55.107143,281.4,1.091,334.78
1977-W14,198.263473,4.553892,680.345238,5.752976,55.0625,284.75,1.125,335.235
1977-W15,161.807229,6.585542,679.12619,5.705952,30.724551,298.4,1.0944,335.69
1977-W16,182.716867,3.488554,677.973214,4.674699,65.814371,300.333,1.034,336.395
1977-W17,192.559524,2.692857,680.684524,4.577381,78.589286,295.5,1.409,336.45
1977-W18,164.702381,4.211905,679.682738,5.759524,48.957055,305.25,1.0195,337.555
1977-W19,219.642857,6.025595,679.427976,5.266667,69.577381,288.333,1.154333,337.0175
1977-W20,148.214286,5.058333,681.01131,6.91938,48.317829,286.8,1.1024,336.48
1977-W21,118.660714,11.634524,681.405357,10.53125,20.804054,290.8,1.0278,336.14
1977-W22,116.309524,10.200595,681.141667,9.039286,24.351515,294.25,1.06375,336.55
1977-W23,195.684524,4.8875,679.894643,8.004762,36.785714,291.8,1.0354,337.525
1977-W24,123.75,6.68631,682.351786,10.022024,36.369048,290.6,1.0528,338.625
1977-W25,159.017857,8.913095,682.247024,7.155952,46.196429,301.8,1.047,335.775
1977-W26,207.190184,4.430675,681.672619,6.472289,65.755952,287.2,1.176,335.32
1977-W27,152.482143,7.274405,681.439286,9.691667,29.166667,276,1.05675,336
1977-W28,187.285714,4.771429,681.75119,7.465269,37.616766,280.4,1.1068,335.41
1977-W29,143.904762,2.310714,682.306548,8.292262,52.238095,273.4,1.097,334.86
1977-W30,180.696429,2.15119,681.276786,8.967857,43.427711,271.5,1.044,335.27
1977-W31,177.113095,2.728571,681.78631,7.75119,52.684524,280.2,1.0382,333.9916667
1977-W32,192.823171,2.675,681.974405,7.672024,68.279762,266.5,1.02525,332.7133333
1977-W33,107.626506,3.336145,681.960119,9.569643,44.428571,272.4,1.0382,331.435
1977-W34,146.785714,5.806548,682.247024,9.049405,33.577381,269.2,1.0494,331.89
1977-W35,157.125,5.147619,681.591667,9.333735,23.036145,263.8,1.0354,330.905
1977-W36,190.736527,3.117964,681.932738,8.317365,50.293413,258.25,1.133,330.995
1977-W37,161.909639,2.437952,681.772024,8.95509,50.065868,257.8,1.0638,331.085
1977-W38,138.608108,2.876351,681.920238,7.354762,51.065476,254.6,1.142,330.395
1977-W39,211.359281,4.311976,680.675595,7.879042,39.796407,257,1.12325,331.04
1977-W40,137.427481,4.023664,680.630357,9.245181,24.307229,251,1.1226,330.475
1977-W41,203.482143,3.675,681.816667,6.923214,65.660714,254.333,1.21,331.81
1977-W42,165.858974,3.623077,681.990476,6.445833,45.470238,254.8,1.1748,330.235
1977-W43,39.166667,7.777778,681.844048,7.74881,24.910714,243.5,1.21075,329.9
1977-W44,142.8,2.484,681.21131,7.580723,22.301205,241,1.2222,342.37
1977-W45,163.024835,5.160806,681.116667,6.733133,20.945783,237.4,1.2654,331.27
1977-W46,192.359281,2.718563,681.267857,6.705422,27.048193,243,1.3162,332.3
1977-W47,164.976048,4.281437,681.036905,7.771856,28.389222,223.5,1.33425,332.085
1977-W48,191.684524,3.78631,679.714286,6.61506,23.554217,227.8,1.337,332.11
1977-W49,178.267857,3.592857,679.474405,7.150602,24.457831,229,1.352,333.38
1977-W50,150.266667,4.809091,681.364881,7.703012,20.313253,229,1.3706,333.28
1977-W51,254.458333,3.633929,678.377381,4.165672,31.502994,236,1.4204,334.13
1977-W52,202.119048,4.138095,680.059524,4.195484,46.886228,237,1.56425,334.915
1978-W01,256.75,6.023214,680.444048,5.674251,27.754491,244.5,1.358,334.85
1978-W02,199.107143,4.277381,682.275595,6.115152,28.22561,221.8,1.3926,333.985
1978-W03,205.196429,4.300595,682.141667,5.190184,28.842424,234.8,1.3272,336.09
1978-W04,179.27381,4.205952,680.001786,5.377778,26.89697,244.25,1.43025,336.15
1978-W05,241.047619,5.489286,676.710714,4.057759,38.005952,235,1.2686,336.21
1978-W06,195.047619,3.361905,681.374699,6.64908,26.567073,225,1.2418,335.02
1978-W07,150.38806,3.470149,679.683929,4.567424,31.439759,225.6,1.1896,335.73
1978-W08,277.282258,4.594355,680.420238,5.422293,27.439759,252.5,1.18375,336.265
1978-W09,260.595238,8.760714,679.697024,6.49881,20.714286,239.2,1.1848,335.725
1978-W10,187.940476,6.638095,681.66369,6.85988,18.700599,247.8,1.1414,336.27
1978-W11,158.232143,4.721429,679.003571,4.0875,36.011905,266.6,1.1108,336.735
1978-W12,224.27381,3.656548,679.158333,4.491791,31.095808,260,1.101,337.2
1978-W13,178.583333,4.157143,681.527381,6.772289,20.065868,261,1.095167,338.01
1978-W14,171.688623,5.553892,680.471429,4.450943,34.02994,279.6,1.0622,337.915
1978-W15,216.012195,3.485976,679.247619,4.012162,38.446429,286.2,1.053,338.055
1978-W16,225.166667,5.177381,679.880952,5.309868,37.289157,276.2,1.1636,336.785
1978-W17,176.238095,3.988095,681.143452,6.433939,31.006061,285.4,1.0516,338.145
1978-W18,124.684524,4.086905,681.064881,6.696622,50.971631,270.75,1.0895,337.985
1978-W19,170.85119,7.111905,681.450595,8.305952,28.386905,295.8,1.021,338.155
1978-W20,264.676647,5.916766,680.169643,6.104762,69.944444,282.2,1.0694,344.635
1978-W21,234.625,2.580357,682.3375,4.698214,81.962264,277,1.0935,339.465
1978-W22,171.692771,2.527108,680.619048,5.038037,57.987952,287.5,1.0445,338.685
1978-W23,165.303571,3.35,681.274405,7.289759,39.945783,281.4,1.0642,338.01
1978-W24,152.940476,6.777976,681.535119,9.675,16.071429,266.4,1.109,337.335
1978-W25,182.517857,3.115476,680.545238,5.095833,67.738095,265.6,1.165,337.555
1978-W26,201.988095,3.183929,682.253571,8.015244,45.650307,260.4,1.104,337.59
1978-W27,145.797619,4.289286,681.566667,6.941317,50.712575,261,1.137667,336.92
1978-W28,166.11976,4.51018,681.691071,6.760241,43.259036,271.667,1.087667,336.25
1978-W29,156.071856,6.205988,680.127976,7.780357,41.285714,273.25,1.0505,335.55
1978-W30,168.481928,3.883735,681.831548,7.508537,48.481707,277.4,1.0938,334.82
1978-W31,141.494048,3.909524,681.88631,7.8,38.763636,267,1.11475,342.705
1978-W32,176.75625,4.345,681.671429,8.252976,51.154762,270,1.042,332.375
1978-W33,159.107143,3.036905,680.720238,7.772892,39.768293,266.75,1.1075,333.25
1978-W34,153.803571,3.516667,681.861905,7.424551,50.245509,263.25,1.114,333.42
1978-W35,157.034483,3.932414,682.29881,6.459524,58.190476,256,1.13825,333.445
1978-W36,163.45082,4.387705,681.31369,7.220958,34.005988,266,1.0405,331.25
1978-W37,149.154762,4.429167,681.535714,7.134132,35.808383,266.4,1.0734,331.815
1978-W38,200.473054,2.777844,681.103571,5.993373,40.915663,262.2,1.2044,331.985
1978-W39,145.505952,4.608333,682.075595,9.7,24.190476,257,1.10475,332.95
1978-W40,156.577381,3.091071,681.108333,7.266071,31.595238,261,1.129,335.75
1978-W41,214.712575,3.938922,681.116667,7.898788,34.769697,255,1.16575,331.435
1978-W42,195.511905,3.594643,681.095833,5.808982,48.724551,259,1.2188,344.67
1978-W43,174.809524,2.669643,681.004167,5.832727,51.321212,249.4,1.3524,332.555
1978-W44,198.511905,6.269048,679.154762,5.915854,67.469512,248.75,1.23775,333.4
1978-W45,225.785714,5.808333,679.095238,4.825749,64.922156,266.667,1.251,333.66
1978-W46,251.760479,3.010778,680.689881,3.887671,57.05988,257,1.314,333.27
1978-W47,194.047619,3.682738,680.064286,4.073077,49.553571,252,1.34125,333.885
1978-W48,173.589286,4.184524,680.382143,5.251807,33.512048,250.8,1.4514,333.675
1978-W49,173.738095,4.441667,681.691071,4.81131,48.958333,254.6,1.4138,333.785
1978-W50,161.678571,9.566667,681.321429,3.603247,16.922156,257.2,1.3718,333.93
1978-W51,207.934524,5.955952,678.745833,4.553968,15.712575,260,1.5426,335.21
1978-W52,228.035714,5.864881,677.97381,4.529167,16.172619,251,1.368,334.995
1979-W01,268.410714,5.60119,679.490476,5.057738,17.880952,257.25,1.36825,338.39
1979-W02,209.125749,6.031138,679.264286,5.161364,52.874251,247.25,1.42125,336.83
1979-W03,188.784431,4.361677,678.513095,2.35,56.880952,269.75,1.3705,336.075
1979-W04,200.722892,4.736747,677.890476,3.484058,45.766467,255.8,1.3022,336.745
1979-W05,228.077381,3.679167,679.572024,3.716832,37.964286,266.8,1.363,336.665
1979-W06,240.380952,5.717857,677.616667,2.774051,73.161677,254.667,1.381333,340.74
1979-W07,220.421687,4.686747,679.208929,3.297987,49.940476,251.2,1.2128,336.71
1979-W08,206.933735,4.393373,678.069048,3.157055,61.666667,263.333,1.175333,337.4
1979-W09,196.261905,2.504167,680.221429,3.928906,54.628743,277.4,1.302,337.285
1979-W10,165.357143,3.788095,680.864881,5.990323,30.493976,266.4,1.1148,341.895
1979-W11,204.416667,3.380952,680.250595,6.12963,36.652695,281.2,1.1086,338.625
1979-W12,216.386905,3.22619,680.012575,4.472441,44.577381,286.2,1.1094,339.5
1979-W13,232.160714,8.185714,677.144048,5.373494,28.704819,295.75,1.05875,339.485
1979-W14,193.363095,3.815476,681.142857,6.03642,35.325,292.8,1.1452,337.025
1979-W15,204.646707,7.594012,678.223214,7.593976,37.26506,288.4,1.0748,339.155
1979-W16,216.089286,4.960119,679.416071,4.646988,61.832335,286.5,1.159,338.49
1979-W17,238.666667,6.788095,677.814881,5.897561,26.511905,299.6,1.097,338.675
1979-W18,166.886905,5.136905,681.117857,7.976647,25.814371,308.8,1.0484,342.065
1979-W19,209.383234,2.892216,681.775,7.878916,43.084337,283.2,1.0606,338.39
1979-W20,227.185629,3.790419,681.428571,6.668452,30.761905,312.4,1.0688,338.36
1979-W21,204.686747,3.177711,682.314286,9.695758,31.762195,281,1.0718,340.16
1979-W22,163.138554,2.639157,680.666667,6.749102,50.11976,288.75,1.1065,339.385
1979-W23,183.095238,2.581548,681.301786,8.721687,25.415663,284.2,1.0506,341.025
1979-W24,235.263473,2.6,681.527381,9.317262,27.690476,286.8,1.0396,338.6
1979-W25,152.357143,4.731548,682.238095,7.691617,35.287425,286.4,1.0578,339.37
1979-W26,180.214286,3.920238,682.833929,7.9875,44.809524,278.75,1.07,338.625
1979-W27,176,3.328144,682.257738,8.716766,34.700599,279.5,1.03425,337.96
1979-W28,184.625,3.41131,684.008333,8.71506,51.218182,272.8,1.0576,338.06
1979-W29,115.598802,6.549701,682.090476,9.074405,26.488095,278,1.0348,336.98
1979-W30,142.964286,4.003571,681.144643,8.13494,26.295181,276.4,1.0374,334.075
1979-W31,175.035928,4.402395,682.41369,9.181437,27.065868,283,1.0996,337.96
1979-W32,227.809524,3.091667,682.191071,7.805988,48.096386,278.4,1.0758,335.9
1979-W33,168.126506,3.54759,682.780952,8.331707,58.560976,267.4,1.0792,330.34
1979-W34,152.656627,3.150602,681.625595,7.765868,41.556886,266.6,1.0808,333.68
1979-W35,115.560241,7.746988,682.605357,9.25509,33.982036,268.6,1.0792,335.81
1979-W36,114.592814,3.878443,681.706548,8.964671,37.191617,273,1.13375,335.02
1979-W37,98.791667,5.045238,682.261905,8.443452,26.291667,275.2,1.1226,333.77
1979-W38,171.005952,2.945238,681.704167,8.422754,31.359281,269,1.1074,337.63
1979-W39,223.166667,2.374405,681.738095,7.890303,44.527273,262.6,1.1474,333.505
1979-W40,182.988024,3.058683,681.697619,6.82515,65.42515,273.2,1.1554,333.7
1979-W41,194.047904,2.509581,682.530952,6.793413,65.245509,262.25,1.23975,333.34
1979-W42,124.410714,8.779167,683.351786,7.871687,33.951807,251.6,1.1544,338.895
1979-W43,199.958333,3.038095,681.954167,7.553293,28.48503,248.6,1.2138,335.365
1979-W44,190.269461,2.762275,680.983929,5.085714,67.712575,258.5,1.34275,337.475
1979-W45,193.934524,5.301786,679.584524,6.752695,23.467066,257.8,1.2492,336.805
1979-W46,174.412121,4.029697,680.382738,6.102381,52.642857,261,1.266333,342.725
1979-W47,184.333333,3.56369,681.516667,5.544048,57.988095,255,1.40075,336.04
1979-W48,201.461078,5.511976,680.883333,8.134524,21.077381,248.8,1.3636,335.255
1979-W49,179.614458,2.485542,679.629762,5.669753,39.167665,243.6,1.392,335.525
1979-W50,207.107143,4.805357,680.352381,6.905357,33.059524,237.6,1.4256,337.37
1979-W51,175.261905,5.714286,683.471429,9.554545,15.678788,233.667,1.42,335.93
1979-W52,183.508982,3.748503,680.455952,5.24125,30.987879,240,1.509667,338.485
1980-W01,245.8,5.210909,677.861905,5.036667,13.186747,238.75,1.486,349.615
1980-W02,262.874214,14.334591,677.349007,4.325,65.938776,236,1.452,350.095
1980-W03,238.184524,3.908333,681.811905,5.155346,46.352201,235.2,1.4964,340.835
1980-W04,237.452381,7.046429,676.663095,4.912409,24.267857,255,1.4484,341.4
1980-W05,223.222222,6.642361,678.777778,8.036957,19.268116,223,1.3598,349.13
1980-W06,182.059524,5.106548,679.204762,6.098171,27.898204,248.8,1.3486,345.09
1980-W07,231.27381,9.919048,676.58869,7.107273,25.242424,232.2,1.3098,346.355
1980-W08,234.029762,8.044048,681.805357,7.63869,16.47619,220,1.313333,345.7525
1980-W09,226.636905,5.205952,681.368452,5.567262,40.505952,242,1.2922,345.15
1980-W10,189.035714,4.019643,680.564286,4.801087,34.683673,253.6,1.163,349.175
1980-W11,154.071429,4.769048,678.909524,3.757353,41.397059,255.2,1.2082,344.865
1980-W12,163.349398,4.633735,679.852381,4.635659,67.909091,259,1.0655,351.03
1980-W13,141.190476,7.496429,679.064881,2.842484,54.833333,259.75,1.247,347.15
1980-W14,156.666667,4.767262,681.527215,5.733974,42.925926,265.2,1.0918,343.5626667
1980-W15,162.891566,3.134337,681.003571,5.669697,33.526946,260,1.0672,351.265
1980-W16,155.706587,4.426946,680.599405,6.58024,27.658683,266.5,1.0265,345.175
1980-W17,124,5.466265,681.274405,6.945509,23.988024,283.4,1.0338,348.905
1980-W18,124.850299,5.276647,682.158929,8.923353,11.856287,272.4,1.0542,345.735
1980-W19,205.666667,3.202976,681.445833,8.345238,22.261905,275.6,1.1178,345.3
1980-W20,137.826347,4.856287,680.938095,6.249091,32.012121,300.4,1.0454,343.205
1980-W21,206.809524,4.116071,682.072619,6.762577,37.124224,285.4,1.0822,342.005
1980-W22,199.598726,2.990446,680.700595,5.116168,57.844311,281.5,1.24,342.575
1980-W23,172.291667,2.895238,680.667262,7.271084,33.680723,274,1.0682,344.2719048
1980-W24,173.178571,3.2,681.410714,9.216168,25.245509,290,1.057,342.14
1980-W25,164.084337,6.318675,683.641667,9.349701,23.754491,271,1.026667,349.515
1980-W26,206.329341,1.991018,681.610714,9.347619,29.863095,260.4,1.1366,353.45
1980-W27,177.42515,2.861078,681.242262,9.510692,28.660377,260,1.01975,345.495
1980-W28,147.520958,2.642515,682.679762,8.393902,41.652439,264,1.1288,342.38
1980-W29,155.048193,5.010241,682.048214,10.171515,25.675,268,1.0218,343.86
1980-W30,150.054545,3.78,682.2,6.908442,41.714286,278.6,1.0542,338.27
1980-W31,155.622754,4.313174,681.93869,9.993421,29.065789,260.8,1.061,337.425
1980-W32,169.227545,3.009581,680.608929,7.588623,40.041916,268.667,1.025667,338.9675
1980-W33,120.60241,2.831928,681.530952,9.683735,26.415663,261.8,1.0806,340.51
1980-W34,165.184524,3.57619,680.997619,7.240602,18.654135,269.2,1.0556,341.7924579
1980-W35,193.625,2.339286,682.020238,7.83875,33.245399,262.8,1.0762,341.63
1980-W36,186.803571,4.473214,682.13631,8.294012,47.712575,258.75,1.0505,341.5975
1980-W37,135.041667,3.902976,681.442262,10.953293,24.143713,259.6,1.0636,337.59
1980-W38,207.233533,2.911377,681.344048,6.51018,43.97006,268.6,1.2104,336.245
1980-W39,178.012048,2.08012,682.270238,7.233333,54.690476,249.4,1.253,337.015
1980-W40,172.562874,2.979042,682.08869,6.660479,41.832335,254.6,1.2466,335.91
1980-W41,138.023952,5.893413,682.783333,8.878571,25.089286,257.6,1.1642,337.605
1980-W42,135.502994,4.910778,681.95509,7.999394,18.878788,260.75,1.2555,336.67
1980-W43,158.497006,4.753293,681.563095,8.022619,19.505952,260.2,1.1802,342.37
1980-W44,125.524096,4.277711,682.146429,7.644643,18.172619,259.2,1.247,337.6
1980-W45,168.168675,5.703012,683.170833,9.662874,24.508982,245.4,1.235,336.785
1980-W46,157.005988,5.037126,681.969048,7.643114,16.736527,259,1.27225,338.13
1980-W47,134.511905,6.16369,681.908333,8.530864,10.895062,250,1.3124,336.78
1980-W48,153.928144,3.406587,680.72619,6.302994,27.311377,242,1.3465,337.78
1980-W49,217.14881,3.258333,680.433333,6.861345,25.478992,246.8,1.3514,339.21
1980-W50,177.791667,3.291071,680.78631,8.5936,18.064,256.2,1.3882,343.13
1980-W51,236.666667,7.450595,678.275595,5.458503,24.965986,248.6,1.38,350.8275
1980-W52,242.345238,5.272619,681.045833,8.667665,29.431138,238,1.43825,341.99
1981-W01,257.869048,5.794643,679.808929,6.394479,16.055215,233.5,1.4065,345.315
1981-W02,203.607143,3.539286,681.173214,8.177108,12.13253,243,1.3724,339.835
1981-W03,245.619048,6.183333,679.141071,6.586228,18.413174,226.4,1.3362,339.515
1981-W04,218.556886,7.546707,680.775,7.835928,22.549669,231.5,1.317,340.45
1981-W05,159.994048,2.770238,681.635119,7.511377,14.137725,248.4,1.3132,341.385
1981-W06,243.72619,6.345238,678.1375,5.301899,16.710744,245.6,1.3062,349.595
1981-W07,208.464286,9.269048,678.807738,7.119481,17.218182,252.75,1.24775,345.69
1981-W08,150.029762,5.403571,682,8.362275,14.682635,239.5,1.21675,348.295
1981-W09,133.613095,9.898214,679.595238,3.632857,18.981308,257.333,1.150667,345.9016667
1981-W10,180.362319,5.902174,681.067262,5.279874,18.684932,254,1.222,346.0175
1981-W11,170.27381,3.169048,682.17619,6.390446,18.095808,249.8,1.168,346.315
1981-W12,225.380952,3.911905,679.952381,7.296429,14.216667,270.4,1.0866,356.17
1981-W13,146.327381,6.253571,681.658333,5.839024,20.422619,274.6,1.0726,346.08
1981-W14,169.130952,5.706548,680.549405,4.398039,24.827381,290,1.08325,345.515
1981-W15,239.190476,3.847024,678.791667,5.214013,21.922619,288.4,1.0538,347.895
1981-W16,174.419162,3.708383,681.614881,5.94908,25.191617,281.2,1.081,345.81
1981-W17,144.869048,4.489286,682.004167,9.182143,13.02381,286,1.0364,357.48
1981-W18,208.02994,3.351497,680.741071,7.099383,22.987097,270.6,1.0716,344.535
1981-W19,249.708333,5.295833,680.134524,7.940476,32.803571,279,1.0548,347.04
1981-W20,181.852257,4.701665,681.391667,9.555952,11.065476,267.8,1.0238,343.975
1981-W21,181.852257,4.701665,681.668182,9.356579,24.144928,289.4,1.1128,343.355
1981-W22,158.368421,2.117105,682.780357,10.663095,17.916667,266.75,1.023,343.06
1981-W23,149.149701,5.349102,682.589286,10.786905,14.547619,270.2,1.045,342.8861111
1981-W24,152.577381,10.913095,682.085714,9.427976,17.985401,278.5,1.0615,343.2
1981-W25,171.311377,3.95988,681.332143,10.2,19.392157,267.2,1.0808,342.235
1981-W26,184.526946,3.844311,681.620833,7.446061,38.057377,270.6,1.048,341.655
1981-W27,177.892857,3.767262,681.035714,8.979518,31.899281,265.25,1.34225,340.315
1981-W28,128.826923,5.910256,682.870833,11.982036,11.169231,263.4,1.0238,341.375
1981-W29,140.239521,3.186826,680.969643,9.798193,25.054688,265.4,1.0284,338.685
1981-W30,149.962963,5.314815,681.873214,9.178571,26.470588,265.2,1.0596,339.67
1981-W31,145.982036,3.879641,682.029762,7.965854,40.939024,267.5,1.1365,339.03
1981-W32,157.017964,4.237126,681.332738,8.612575,59.318841,257.5,1.0565,339.7691667
1981-W33,214.994012,4.297605,682.578571,8.092771,51.222222,263.8,1.1576,339.1125
1981-W34,126.036145,4.631325,682.547619,9.957831,33.46988,265.2,1.03,338.26
1981-W35,171.227545,3.339521,681.296429,8.239286,34.732143,264.8,1.0956,338.345
1981-W36,163.143713,5.451497,681.275595,8.414881,31.755952,267.2,1.0668,337.4775
1981-W37,184.556886,3.158683,681.046429,6.305389,57.101796,269.333,1.077667,337.3275
1981-W38,167.479042,3.64491,682.133929,8.740476,50.886905,265.2,1.0528,338.285
1981-W39,149.52381,5.591071,682.0375,9.117857,37.369048,258.4,1.134,337.556
1981-W40,196.720238,2.719643,681.310119,7.870659,40.652695,258.2,1.1552,337.196
1981-W41,230.467066,2.592814,680.817262,7.574251,45.808383,257.4,1.1484,336.9114
1981-W42,143.327381,2.908929,681.535714,8.543713,30.317241,255.75,1.15025,337.82
1981-W43,225.761905,3.241667,681.082143,6.87006,32.640719,259.6,1.1798,337.6628333
1981-W44,253.184524,4.217857,681.2,6.019643,54.571429,267,1.30825,338.1825
1981-W45,171.180723,3.45241,681.27381,6.231138,52.818182,253.75,1.412,339.355
1981-W46,140.813253,6.256024,683.351786,8.888024,17.491018,255.25,1.27475,338.785
1981-W47,168.538922,3.504192,681.854762,8.180357,29.297619,245.2,1.2944,339.1025
1981-W48,151.54491,6.357485,680.926786,6.26369,29.208333,245,1.347,340.38925
1981-W49,143.892216,7.634731,680.26131,4.155357,41.095238,259.5,1.3955,340.025
1981-W50,149.239521,3.996407,680.705952,5.966452,27.260274,245.6,1.361,339.8283333
1981-W51,194.341317,3.370659,681.498214,7.27381,30.155405,241.8,1.371,340.3425
1981-W52,190.616766,5.988623,679.259524,6.072024,55.821429,245.667,1.37,340.7025
1981-W53,174.934132,3.89521,680.832738,6.625,32.107143,250.25,1.4355,341.0625
1982-W01,214.005988,4.344311,680.027381,4.816667,50.626506,256,1.3644,340.8025
1982-W02,191.940476,3.845833,679.35,5.9,44.596386,243.8,1.3266,343.7735
1982-W03,192.875,4.969048,678.714286,4.754167,71.982143,250.667,1.435333,341.17
1982-W04,221,3.930357,678.277381,3.474242,51.535714,245.6,1.3362,341.8343333
1982-W05,237.202381,7.442262,675.551786,4.752055,28.138554,234,1.26575,342.69575
1982-W06,220.96988,14.193373,675.202381,3.399242,61.431373,261,1.242,342.46
1982-W07,187.654762,4.760714,682.691667,6.870807,36.066667,262.53,1.187378,341.6
1982-W08,219.60479,5.798802,677.085119,3.642069,52.755952,256.667,1.154667,342.4925
1982-W09,226.565476,3.375595,680.28631,4.330719,45.627119,281.4,1.201,343.60325
1982-W10,211.023952,4.886826,678.467262,4.063473,61.380952,272,1.142,343.23925
1982-W11,223.184524,3.341071,678.982143,4.327815,70.574194,268,1.261667,344.3643333
1982-W12,216.341317,3.125749,678.449405,3.348739,81.451923,286.333,1.132,343.985
1982-W13,240.916168,3.975449,680.220833,4.232738,78.733766,274.667,1.237333,343.3533333
1982-W14,258.928144,6.882635,678.764286,5.88024,54.767606,278,1.054333,343.475
1982-W15,237.156627,3.748795,681.341071,5.760714,65.184524,284.75,1.10625,343.58075
1982-W16,236.772455,3.528144,678.833333,4.912727,45.42069,286.6,1.1942,344.76575
1982-W17,164.767857,3.632143,682.1,8.45,29.790123,284.286,1.017714,344.4166
1982-W18,202.036145,2.941566,681.236905,6.571084,46.097222,280.4,1.1428,343.7725
1982-W19,113.26506,4.03494,681.163095,8.695181,49.60177,286,1.03025,343.26425
1982-W20,140.933333,4.033939,681.246429,7.619048,18.06,280.8,1.1818,344.4523333
1982-W21,172.712575,3.040719,680.128571,6.24759,34.379518,277.6,1.2026,343.6225
1982-W22,196.886905,3.292262,681.043558,9.435119,40.130952,265.2,1.2256,343.3156667
1982-W23,200.42515,3.749701,681.619277,8.627381,50.934524,257,1.57025,343.26575
1982-W24,191.802395,3.004192,680.973125,8.143114,51.323353,267.4,1.3028,341.55925
1982-W25,118.482143,3.541667,682.549405,10.004819,39.554217,273.8,1.1888,341.16175
1982-W26,123.137725,5.614371,682.352381,10.936747,25.00641,267.8,1.1906,342.83075
1982-W27,139.060241,5.09759,681.889881,9.75,29.315476,271.4,1.2454,342.074
1982-W28,150.60119,5.757738,681.504762,8.481548,46.964286,268,1.31275,341.30575
1982-W29,204.784431,3.582036,680.942262,7.865269,70.456954,258,1.190333,341.2723333
1982-W30,146.08982,5.641916,683.127381,8.4875,51.735849,250.6,1.1934,341.4823333
1982-W31,145.291667,6.67381,682.38869,8.856886,47.942857,259,1.2948,340.35675
1982-W32,182.143713,5.461677,682.075,7.713174,61.682635,256,1.2116,344.73325
1982-W33,202.930818,2.152201,682.342262,7.837576,79.267516,247.25,1.3505,337.4235
1982-W34,179.886905,2.957143,681.935119,7.137725,73.322148,265.8,1.6968,337.23825
1982-W35,225.706587,3.30479,681.246429,7.488024,78.646707,253.2,1.4802,342.94
1982-W36,180.121951,6.060366,682.024405,8.347904,46.664474,250.5,1.20175,337.59575
1982-W37,204.108434,2.543976,681.472619,7.266467,65.325301,251.8,1.529,338.40075
1982-W38,182.143713,3.242515,681.230952,8.41506,34.46988,247.5,1.400833,338.475
1982-W39,190.734568,3.538272,681.029167,7.095833,40.71519,254,1.32925,334.32325
1982-W40,142.72619,3.28631,681.114286,7.451497,45.347305,245.333,1.712,336.1176667
1982-W41,161.869048,3.383929,680.753571,8.845122,26.583893,247.25,1.28625,338.07
1982-W42,250.928571,3.726786,680.304762,8.989286,25.863095,237,1.3766,338.21
1982-W43,189.874251,2.163473,681.027381,8.062874,68.910828,233.5,1.488,338.7925
1982-W44,187.982143,3.367262,681.085119,8.270238,38.85119,227.6,1.6608,338.56575
1982-W45,152.317365,4.884431,680.177381,8.016168,17.826347,230.5,1.50325,338.765
1982-W46,154.715152,3.73697,680.791071,8.641718,44.834356,232.8,1.4554,335.845
1982-W47,188.613095,6.486905,680.835714,8.018563,42.670659,223.5,1.6105,340.3185
1982-W48,184.166667,6.368452,681.9375,8.638922,14.88024,238.8,1.4554,338.771
1982-W49,198.809524,4.506548,679.783929,7.823214,17.47619,223.8,1.5206,340.9975
1982-W50,151.419162,7.276647,682.342262,5.290303,18.315152,227.75,1.4135,341.98075
1982-W51,194.511905,6.508929,681.017857,5.520482,37.981928,234,1.4515,342.22
1982-W52,169.964286,3.55,681.943452,6.35509,30.161677,228.5,1.36825,340.641
1983-W01,155.203593,5.809581,682.613095,7.72994,14.778443,219.5,1.4045,341.63
1983-W02,201.413174,3.410778,680.119643,5.966456,20.994012,235.333,1.431,342.90675
1983-W03,241.928571,6.085119,681.403571,9.410714,9.505952,215.6,1.3772,341.63425
1983-W04,255.275449,7.736527,682.124551,9.917178,8.447853,210.2,1.3796,342.32175
1983-W05,188.071429,5.034524,681.099405,6.499359,8.202381,217,1.3208,342.4566667
1983-W06,213.560241,5.444578,680.668452,6.582716,16.732143,239,1.242,342.381
1983-W07,218.164634,4.275,681.008333,7.756627,18.524096,232.4,1.2898,343.0666667
1983-W08,227.345455,3.350303,682.192262,7.579762,19.625,225,1.45,342.79925
1983-W09,253.047904,4.361078,682.76131,7.953293,16.311377,233.2,1.2942,342.289
1983-W10,253.613095,5.340476,681.866667,9.1,12.029762,230.75,1.28775,342.23825
1983-W11,226,3.553293,682.335714,7.873054,14.886228,235,1.2338,344.131
1983-W12,130.023952,2.708383,683.142857,9.203012,20.307229,247.5,1.2375,342.89
1983-W13,118.11976,4.118563,681.861905,7.742771,16.584337,257,1.2282,343.475
1983-W14,226.712575,2.64012,680.077381,5.918954,54.275449,271,1.56875,344.874
1983-W15,222.45509,2.711377,681.482143,5.45988,48.143713,273.5,1.44425,345.97925
1983-W16,195.383234,2.507784,680.925,6.058896,31.515152,267.5,1.17125,345.7
1983-W17,223.154762,2.633333,681.627976,7.509091,21.733333,264.4,1.2824,355.2925
1983-W18,203.850299,4.072455,682.748214,6.482738,29.993421,265.8,1.3412,345.855
1983-W19,172.826347,4.183832,683.206548,8.104192,29.922156,260.4,1.3166,345.725
1983-W20,194.761905,3.426786,681.227976,8.838095,21.410714,274.75,1.26475,346.32
1983-W21,214.357143,3.204762,680.619048,8.9,22.53012,258.2,1.3892,346.2915
1983-W22,146.630303,2.433333,680.688095,4.496407,69.880952,291.333,1.987,345.89075
1983-W23,132.053571,3.619048,683.330357,8.637126,37.08982,267.75,1.33375,345.98425
1983-W24,155.203593,4.032335,682.910714,11.741667,15.636905,268.25,1.24625,344.684
1983-W25,117.089286,7.308929,683.015476,9.635928,17.408537,270.2,1.2972,345.2071667
1983-W26,143.424242,4.160606,682.975595,9.345455,19.036364,279,1.23425,344.285
1983-W27,138.845238,6.877976,682.88869,11.503571,10.534161,275.333,1.407667,345.30875
1983-W28,180.719512,4.539634,681.622024,9.836527,22.030488,259.8,1.3102,343.9095
1983-W29,217.053571,2.509524,682.846429,8.72,38.909091,250.75,1.21875,342.3343333
1983-W30,123.084337,5.706627,682.772619,10.865269,18.431138,262.667,1.219667,340.51
1983-W31,140.35443,4.740506,683.826786,9.385119,35.5,262,1.21475,342.8557143
1983-W32,179.778443,5.056287,682.579167,7.675449,38.08,262,1.222,340.535
1983-W33,170.982036,3.908982,682.395238,10.305389,41.767442,260.75,1.19275,341.85625
1983-W34,134.560241,5.38012,683.783333,10.764881,17.244898,251.25,1.56825,340.767625
1983-W35,203.566265,2.703012,681.899405,9.083929,30.494048,238.5,1.8255,339.6045
1983-W36,117.107784,5.303593,682.364286,10.000599,22.57485,253.75,1.347,339.6128571
1983-W37,169.592814,4.492814,681.529167,8.256287,43.892216,255,1.1925,340.367875
1983-W38,231.142857,3.497619,681.048214,5.4,65.493976,262.5,1.63475,339.624625
1983-W39,146.214286,4.673214,682.392857,6.929697,52.557576,262,1.2335,340.0638333
1983-W40,214.619048,4.169048,681.208333,7.416766,36.041916,239.5,1.667,339.58875
1983-W41,183.494048,3.755357,681.313095,7.150595,29.041667,246.667,1.339667,339.70925
1983-W42,142.88024,4.699401,681.728571,8.055152,29.612121,251,1.349667,340.4895
1983-W43,171.790419,3.677844,682.104167,6.093827,37.138554,264.2,1.3198,341.11
1983-W44,141.850299,4.88503,684.302381,9.472619,7.780645,250,1.47975,340.198375
1983-W45,150.443114,3.794012,683.791667,8.319048,30.922619,242,1.35375,346.6492
1983-W46,165.923077,4.491667,682.298214,7.917857,30.041096,245.333,1.28,340.4135625
1983-W47,139.083333,6.492857,682.122024,6.804167,14.029762,243.667,1.407333,341.624
1983-W48,155.184524,5.653571,682.294643,5.97697,41.347305,243.25,1.386,341.89625
1983-W49,154.487805,4.07561,682.947619,6.317964,27.196429,248.8,1.707,342.3483333
1983-W50,212.964286,5.516667,679.764286,4.395181,31.02994,240,1.729667,342.954
1983-W51,227.214286,7.800595,677.025595,5.169375,35.065868,256.75,1.67025,343.0674
1983-W52,213.428571,6.656548,682.294643,5.61747,42.554217,247.25,1.403,343.77675
1984-W01,135.49697,4.901818,682.803571,5.305,28.030303,235.25,1.566,344.485875
1984-W02,184.845238,4.357143,680.86369,4.891018,37.155689,240,1.562,343.50275
1984-W03,178.658683,5.083832,680.702976,4.453704,38.174699,239.333,1.645333,343.662875
1984-W04,143.732143,5.644048,680.276786,4.119708,44.720238,260.194,1.233569,344.416125
1984-W05,177.125749,6.173653,678.266071,4.466667,38.311377,244.667,1.502667,345.017125
1984-W06,161.636905,5.3,680.633333,4.562338,32.233533,265.6,1.3464,344.7525
1984-W07,127.325301,6.438554,681.379762,6.250943,16.381818,259.8,1.2662,344.459625
1984-W08,113.89759,5.83494,681.018452,4.663415,22.137725,281,1.2235,344.50875
1984-W09,198.766467,7.04491,678.40119,4.602548,39.244048,269.75,1.248,345.002125
1984-W10,234.952381,3.714286,682.275595,6.249398,28.361446,253.5,1.21975,345.11
1984-W11,184.107784,4.213174,683.705357,8.837725,16.634731,253.714,1.453857,345.7528333
1984-W12,119.610063,7.593711,682.676786,7.686826,7.123457,256,1.366667,345.8537143
1984-W13,192,2.68,680.665217,5.55625,36.190206,260.2,1.235575,346.5718571
1984-W14,181.223434,4.645409,680.982558,7.038324,36.190206,260.2,1.235575,347.29
1984-W15,181.223434,4.645409,680.982558,7.038324,36.190206,304.25,1.129,346.3653333
1984-W16,181.223434,4.645409,680.982558,7.038324,36.190206,286.25,1.168,346.9453889
1984-W17,115.391304,7.547826,684.295652,9.886957,4.782609,288.667,1.132667,348.4559917
1984-W18,153.160714,6.986905,682.741667,8.992857,16.559524,271,1.117,348.3551875
1984-W19,184.22561,2.934146,682.059394,7.532515,26.121212,279.5,1.154,347.4125
1984-W20,136.648485,5.699394,682.410714,7.655689,22.299401,282,1.09875,347.5548333
1984-W21,145.759036,5.470482,682.729167,6.696875,45.208333,262.714,1.516714,347.3865
1984-W22,185.843972,3.125532,682.407801,7.197794,30.64539,266.714,1.599,347.367375
1984-W23,138.142857,4.529365,683.671429,11.368263,16.269461,272.6,1.6666,347.13325
1984-W24,153.679389,4.187786,681.779167,9.474699,24.198795,269,1.350857,347.2525
1984-W25,131.891566,6.125904,682.336905,10.869461,14.437126,272.333,1.563833,346.4216667
1984-W26,106.714286,6.932143,682.9375,10.191566,17.162651,274.857,1.334571,349.286
1984-W27,169.411392,3.641772,681.475449,7.262651,47.795181,270.571,1.584429,345.31175
1984-W28,147.487013,5.211688,681.574675,7.316883,45.454545,272.25,1.12575,346.2383333
1984-W29,155.18125,2.974375,681.498125,8.353125,39.6625,271,1.4005,345.08675
1984-W30,165.833333,3.56087,682.442143,6.986429,55.828571,274,1.534833,344.11
1984-W31,151.516779,4.269799,683.011765,8.546358,37.84106,273.5,1.1015,342.8966667
1984-W32,143.610778,4.39521,681.960714,10.48024,16.898204,271.667,1.391667,343.5438571
1984-W33,195.654762,2.975595,682.892857,9.025749,26.718563,268.5,1.3695,343.646125
1984-W34,228.542169,2.409036,681.882738,7.027381,57.321429,273.5,1.84425,342.231625
1984-W35,201.802395,2.375449,682.426786,8.105357,57.130952,266.5,1.2495,343.10625
1984-W36,161.5,3.134337,682.647024,6.918902,44.52439,262.286,1.482143,340.1725
1984-W37,182.909639,3.213855,681.527976,7.749102,32.586826,265.286,1.626857,340.722
1984-W38,201.325301,2.171084,681.495833,8.033133,36.73494,262.714,2.000714,341.320875
1984-W39,187.441718,3.233742,681.199387,6.790123,47.345679,269.143,1.581286,341.250375
1984-W40,182.26506,3.420482,683.419162,7.05,64.518293,259.2,1.7972,341.733
1984-W41,134.957831,7.431325,683.279641,9.546988,17.375758,254.25,1.513,341.93975
1984-W42,155.964072,3.508383,682.779762,6.762874,57.461078,253.714,1.820714,341.53325
1984-W43,208.674699,3.007831,682.315476,6.735714,41.815476,252.8,1.5046,341.8745
1984-W44,152.640244,3.093293,682.410843,6.184242,50.048485,246.286,1.768,342.260375
1984-W45,152.874251,4.047305,683.229167,7.080606,31.915152,240.143,1.667143,342.683375
1984-W46,148.301887,4.766038,682.196319,5.119255,57.124224,240.833,1.806,343.50875
1984-W47,159.406897,5.294483,683.245205,5.693103,57.572414,231.6,2.0452,343.175
1984-W48,179.48913,4.521739,681.358242,6.742222,72.155556,235.167,1.736,345.742625
1984-W49,141.159664,6.941176,681.055833,7.611667,60,232.833,1.728833,343.60375
1984-W50,169.10084,6.629412,679.115,4.042727,36.381138,252.333,1.581167,343.5115
1984-W51,129.677419,5.768817,677.925532,3.94875,25.65,235.571,1.856143,344.495
1984-W52,198.52381,3.053571,677.310714,3.621429,54.642857,255,1.7885,344.401
1985-W01,149.89881,3.901786,679.871429,4.686667,21.127273,234.2,1.6678,346.725
1985-W02,219.203593,5.246108,679.04012,6.609091,20.339394,227.429,1.525429,345.0806667
1985-W03,208.425926,6.067901,679.039264,6.446914,20.034483,224.667,1.578,344.99
1985-W04,240.053571,4.389881,680.197619,5.353049,28.479042,224.571,1.482429,344.0121667
1985-W05,210.672619,9.229762,676.966071,5.222695,23.071856,239.167,1.567833,348.9265
1985-W06,181.904762,4.530357,679.695238,6.63865,29.863095,218.833,1.387167,345.818375
1985-W07,189.505952,3.449405,678.644643,3.874405,60.746988,233.286,1.781571,345.29
1985-W08,170.63253,3.487952,678.495238,4.503731,42.614458,235.2,1.3892,346.4223333
1985-W09,117.490798,8.111656,676.160714,1.767586,76.183544,274,1.976,353.39
1985-W10,130.006993,4.469231,676.457042,2.301316,64.767241,254,1.114,347.6632857
1985-W11,119.143713,4.943713,678.782738,3.515493,43.10119,250.8,1.4796,347.68675
1985-W12,181.496599,3.320408,680.497297,4.96371,42.438356,246.6,1.0726,348.470375
1985-W13,170.275449,8.103593,680.078571,5.661677,24.976048,246.75,1.1545,347.8678333
1985-W14,237.491018,6.668862,677.130952,5.34012,34.143713,268.667,1.075333,346.785
1985-W15,232.404762,4.182143,680.32381,4.767262,58.333333,268.333,1.359333,348.006625
1985-W16,188.05988,3.800599,679.807143,3.703165,61.113095,269.4,1.5136,348.275375
1985-W17,197.896341,3.731098,679.481928,4.392254,45.733333,273.25,1.16275,348.493
1985-W18,189.617647,2.377941,679.272662,4.502941,53.165414,285.5,1.626167,348.800125
1985-W19,188.886228,2.364072,679.670833,3.978882,64.029762,297.667,1.629,349.00325
1985-W20,221,5.474405,678.620833,6.175949,30.351852,277.667,1.257,348.9456667
1985-W21,203.208333,6.647619,681.097619,8.084337,44.828767,270.333,1.583167,347.683375
1985-W22,166.520958,5.705988,680.644048,7.322024,19.486111,285.714,1.506714,349.60875
1985-W23,114.445205,5.116438,681.619728,9.832192,19.547945,273.714,1.380857,349.403375
1985-W24,159.47561,3.379268,680.425595,8.86319,36.993865,273.143,1.602286,348.20625
1985-W25,203.209581,3.567066,680.854762,8.54759,30.691358,275.714,1.484143,348.210375
1985-W26,232.160714,2.75,680.504762,6.68024,43.759259,273.333,1.3775,347.564625
1985-W27,147.386905,3.231548,681.585714,9.46506,39.075,262.857,1.439286,346.942125
1985-W28,195.704819,3.598193,680.697024,7.391617,55.454545,257.5,1.10975,346.893375
1985-W29,167.91018,4.438323,681.406548,8.232934,36.657616,261.286,1.373,346.48625
1985-W30,166.272727,4.32303,680.705952,7.802484,36.657616,263.667,1.5185,345.5773333
1985-W31,143.230303,6.753333,681.0125,8.846707,36.657616,274.2,1.0672,345.5716667
1985-W32,187.767857,4.095833,681.17381,7.641212,36.657616,265.833,1.524167,344.367125
1985-W33,172.982143,2.790476,680.372024,6.60119,57.653061,265.714,1.671857,344.7445
1985-W34,167.345238,5.247619,681.564286,9.210909,41.812121,258.714,1.341857,343.24325
1985-W35,195.584337,4.074096,681.442262,8.665269,43.598802,258,1.2125,342.842875
1985-W36,170.517857,5.063095,680.305357,8.475,44.196429,263.571,1.483143,344.2916667
1985-W37,226.066265,5.577108,679.489286,7.848193,45.198795,258,1.349286,343.80175
1985-W38,126.161677,5.705988,681.192262,9.409524,32.60119,259.857,1.458286,342.592
1985-W39,223.173653,3.021557,679.409524,5.989157,58.552083,263.714,1.565571,342.392125
1985-W40,189.431507,3.34863,680.479592,8.104795,36.804244,261.714,1.566286,342.462875
1985-W41,177.157233,3.930189,680.5275,8.410092,36.804244,256.286,1.469571,342.470875
1985-W42,203.154839,4.082581,679.616026,6.89646,36.804244,257.75,1.443,343.3133333
1985-W43,185.47619,2.491156,681.223649,7.142466,36.804244,243.6,1.184,343.64125
1985-W44,136.934132,3.738922,679.909524,7.841071,36.804244,252.286,1.482286,343.239625
1985-W45,211.389222,2.758683,679.3625,7.455758,36.804244,253.857,1.497143,343.587875
1985-W46,212.321212,5.02,678.81018,6.407273,36.804244,254.857,1.625571,344.379625
1985-W47,177.644578,4.856024,680.082036,7.107879,36.804244,256.714,1.513,344.358375
1985-W48,208.333333,8.459524,676.313043,5.026389,74,262.2,1.5854,345.18475
1985-W49,200.678571,4.0375,680.866071,5.620606,47.939394,253.286,1.592857,345.307875
1985-W50,240.517857,3.284524,678.647619,5.495706,29.928571,254.286,1.543143,345.9470833
1985-W51,202.856287,5.886826,679.154762,6.115152,26.618182,238.714,1.538714,345.207
1985-W52,173.505952,5.439881,680.004167,7.399405,28.821429,237.571,1.629429,345.8161667
1986-W01,152.047904,5.591617,679.998214,6.552121,12.618182,249.143,1.623714,346.3211667
1986-W02,208.60119,3.432738,680.742857,5.603659,26.652439,246.143,1.529714,346.112375
1986-W03,165.740964,3.350602,680.348214,6.95,30.210843,238.4,1.3466,346.585
1986-W04,204.666667,5.857738,678.272024,8.060241,17.349398,232.167,1.740833,346.59875
1986-W05,236.767857,7.72381,677.792262,9.204217,6.46988,225.286,1.592571,346.2545
1986-W06,209.571429,4.697619,679.654167,6.698204,30.790419,250.4,1.2486,346.937875
1986-W07,233.809816,9.006135,675.761963,7.074684,24.63125,261.286,1.537857,346.843375
1986-W08,210.440476,7.079167,678.442857,5.611039,28.696429,263.143,1.518,346.749
1986-W09,222.658683,8.467665,678.305952,7.551497,42.353293,259.571,1.415429,347.0355
1986-W10,183.720238,5.254167,681.819643,8.689286,21.47619,250.714,1.367714,346.7695
1986-W11,172.077844,3.536527,682.197619,7.048503,29.39521,254.8,1.1064,347.4755
1986-W12,185.39759,3.164458,679.883234,4.689759,56.610778,271.5,1.471167,349.2533333
1986-W13,214.220238,2.760714,680.235119,6.066071,54.630952,277.714,1.386,349.345
1986-W14,167.481928,3.615663,679.592262,4.845509,45.305389,280.833,1.294333,348.376
1986-W15,115.640719,7.241916,677.896429,3.632121,77.886905,281,1.184,349.3
1986-W16,179.113772,3.25988,679.984524,6.055952,56.213836,279,1.584667,349.1638333
1986-W17,127.239521,8.128743,680.308333,6.81697,24.448485,290.571,1.316429,350.4638333
1986-W18,147.119048,3.509524,679.419048,4.947799,45.896104,292,1.641,349.5778333
1986-W19,191.440476,2.4875,679.710119,5.547305,66.862275,281.2,1.1816,349.8733333
1986-W20,164.863095,4.728571,680.21131,9.255422,25.783133,269.857,1.319,349.9788333
1986-W21,143.071429,4.308333,681.15,10.890419,23.982036,271.143,1.305571,350.0628333
1986-W22,240.311377,2.921557,680.496429,7.01358,52.049383,277,1.5315,350.5823333
1986-W23,156.963855,4.240964,680.436905,8.418675,32.590361,276.429,1.317857,349.2305
1986-W24,167.760479,5.103593,680.764671,9.52994,25.784431,277.286,1.436571,349.0021667
1986-W25,143.458333,6.444643,681.102976,8.840361,24.46988,270.5,1.328833,349.2516667
1986-W26,124.246988,4.330723,681.204762,10.033533,26.928144,270.833,1.248,348.5956667
1986-W27,165.107143,4.495238,681.539521,9.520482,23.763514,272.8,1.3266,348.1097857
1986-W28,148.879518,4.81988,681.458929,9.407738,24.35119,264.857,1.244714,346.9595
1986-W29,212.732143,2.83631,680.33631,6.257831,60.259036,264.833,1.465667,347.4573333
1986-W30,173.266667,6.033939,681.675449,8.863855,58.063063,255.4,1.4324,347.4233333
1986-W31,164.968354,4.341772,680.667857,8.267857,46.376,256.571,1.561571,345.285
1986-W32,144.97006,5.92994,681.277381,9.670659,30.534247,257,1.0774,346.0766667
1986-W33,202.380952,3.331548,680.577381,8.126061,42.594203,247,1.284,345.484
1986-W34,166.222892,5.213855,681.345833,10.144643,33.952381,259.6,1.459,344.618
1986-W35,120.556886,7.852096,681.396429,8.858537,35.542683,258.286,1.53,344.4755
1986-W36,184.668675,2.73253,680.475,7.782317,45.021127,260,1.3024,344.23
1986-W37,172.155689,3.121557,680.282143,7.714024,60.461538,251.2,1.3668,344.7778333
1986-W38,231.502994,3.438323,680.427976,8.511377,53.311475,254.167,1.362833,344.5395
1986-W39,187.473054,3.359281,680.8125,7.343114,50.198113,258.8,1.346,343.38
1986-W40,162.487952,3.412651,681.270833,8.090476,48.354545,255.143,1.436143,344.6183333
1986-W41,179.946108,3.79521,680.325595,7.335366,36.949313,257.286,1.606571,343.7856667
1986-W42,131.125,5.620833,681.491071,8.979641,30.62,250.429,1.497857,343.77
1986-W43,115.42515,4.272455,681.035119,7.254545,24.14,255.667,1.328333,343.336
1986-W44,167.933333,3.594545,681.10303,7.297531,36.912006,254.571,1.450714,344.7305
1986-W45,186.10119,3.397024,679.305952,7.227711,36.912006,243,1.388333,345.0916667
1986-W46,189.437126,3.723952,678.688095,7.224242,36.912006,250.333,1.441333,345.709
1986-W47,145.184524,4.856548,680.266071,6.964848,36.912006,243,1.28625,345.8811667
1986-W48,120.424242,8.734545,680.744048,6.802395,36.912006,239,1.5326,346.775
1986-W49,185.35119,6.650595,676.652096,4.535976,36.912006,256.857,1.522143,346.5988333
1986-W50,138.779762,6.558929,680.627976,9.074405,36.912006,247.429,1.538,347.0668
1986-W51,132.053571,7.302381,681.522619,7.05509,36.912006,241.8,1.364,347.3066667
1986-W52,169.684524,3.770833,681.099398,8.011446,36.912006,246,1.4864,346.9211667
1987-W01,162.812121,3.846667,681.280838,7.165644,36.912006,247.8,1.6196,344.9883333
1987-W02,183.803571,4.272024,680.6,7.59441,36.912006,244.571,1.534571,347.4938333
1987-W03,158.273381,3.438849,675.811429,4.207826,36.912006,244.333,1.724667,347.6438333
1987-W04,165.07362,4.058282,679.719048,4.621233,36.912006,241.333,1.581167,347.89675
1987-W05,199.916667,6.108333,679.880952,6.375497,36.912006,242.333,1.448167,347.9338333
1987-W06,226.875,4.991667,678.810119,6.645783,36.912006,231.429,1.457714,347.5971667
1987-W07,225.910714,5.873214,678.677976,7.043114,36.912006,228.167,1.428167,348.1855
1987-W08,216.113772,3.228743,675.985714,3.0016,36.912006,239.5,1.495167,349.0266667
1987-W09,215.329341,7.535329,675.004167,4.452201,36.912006,242.143,1.386143,349.5826667
1987-W10,254.005952,9.494048,677.97619,6.53,18.370861,247.143,1.361,348.6783333
1987-W11,141.327381,5.263095,681.028571,6.242424,21.650602,249,1.349571,348.8506667
1987-W12,153.520958,6.361677,679.041667,4.308442,31.261905,260.333,1.520333,349.3905
1987-W13,251.341317,3.599401,678.381548,4.63,39.91018,267.429,1.210714,350.3083333
1987-W14,195.52381,3.341071,679.73631,5.572671,32.291667,267.429,1.053429,350.9388333
1987-W15,176.814371,5.143713,680.778571,10.090361,12.987952,259.167,1.186,349.731
1987-W16,158.754491,4.183832,679.724405,8.611905,25.244048,276.8,1.4784,350.2355
1987-W17,230.389222,4.886826,677.333333,6.17006,41.94012,279.333,1.268167,351.4243333
1987-W18,192.369048,4.115476,680.045833,5.403727,32.810976,283.286,1.471143,351.115
1987-W19,206.789157,6.262048,676.687349,5.871687,50.427711,288,1.121,352.2693333
1987-W20,241.658683,6.852695,677.074251,9.364024,20.817073,278.25,1.1005,351.8821667
1987-W21,247.654762,5.632738,678.169643,6.007317,47.08982,285,1.1704,351.9766667
1987-W22,227.940476,2.992262,681.057143,6.505952,30.262712,290.833,1.230667,351.97
1987-W23,231.42515,3.047904,680.083333,5.863473,36.774524,285.143,1.469714,351.7843333
1987-W24,220.487952,2.954819,680.557143,8.053614,36.774524,281.667,1.228,351.4383333
1987-W25,230.35119,3.680952,681.769048,6.878788,36.774524,290.857,1.486714,350.6605
1987-W26,168.4,4.646667,681.335714,9.241818,29.533333,284.286,1.411143,351.1976667
1987-W27,117.412121,4.464242,680.945833,8.723494,25.487952,283.571,1.608,349.8361667
1987-W28,147.45509,5.144311,680.854762,9.185976,35.390244,272,1.331571,350.6866667
1987-W29,159.042169,3.062048,680.08631,8.63631,41.75,277.167,1.313333,349.715
1987-W30,176.541667,2.932143,681.008333,7.741566,57.708861,263.833,1.413333,349.7183333
1987-W31,169.562874,2.68024,680.968452,7.935329,58.664671,266.429,1.505286,349.0393333
1987-W32,177.472393,2.615337,679.183929,9.076364,36.031447,263.857,1.349429,346.5328333
1987-W33,183.558621,3.990345,680.283735,9.08253,30.608434,262.286,1.312857,347.8716667
1987-W34,179.671233,3.045205,681.500595,10.599401,37.838323,260.857,1.382,348.0106667
1987-W35,172.965986,5.217007,681.420833,9.13125,20.5,265.714,1.353714,346.1328333
1987-W36,178.429688,3.923437,680.584932,8.3,56.301075,260.143,1.666857,347.1585
1987-W37,212.295775,2.478169,680.358929,7.390411,57.808219,265.714,1.649857,346.453
1987-W38,169.975,5.530625,681.335119,9.245283,32.377358,256.667,1.390667,346.94325
1987-W39,224.712575,2.550898,680.380357,6.812727,65.187879,255.4,1.4256,346.8932
1987-W40,188.621118,3.514286,681.826667,7.714545,60.055901,255.143,1.652429,347.1066667
1987-W41,131.577381,4.13869,680.581548,9.516168,24.40411,249.857,1.598857,347.0511667
1987-W42,179.5,3.111538,680.205357,8.31131,44.273973,244,1.185,346.864
1987-W43,194.765101,3.385906,680.049405,6.768263,70.221557,249,1.538571,347.2511667
1987-W44,121.184524,4.655952,680.931548,9.366061,20.539394,240.286,1.528714,347.024
1987-W45,188.748503,3.050299,679.688095,6.072121,39.030303,249.143,1.465,347.8483333
1987-W46,186.672619,5.164286,681.120833,6.996407,36.107784,245.5,1.542333,347.4728333
1987-W47,184.688623,4.286228,680.530357,7.169643,37.261905,246,1.411833,348.5811667
1987-W48,114.740964,8.359036,681.614881,5.98589,20.325153,248.429,1.595714,349.1061667
1987-W49,123.673203,6.140523,681.983871,6.555556,15.418301,239.857,1.518857,349.5316667
1987-W50,188.14881,4.955357,679.798214,5.961677,43.161677,238.8,1.4138,350.0606667
1987-W51,192.166667,4.779762,678.441667,6.656886,72.389222,223,1.5375,349.5561667
1987-W52,149.235294,3.462745,680.158333,6.058333,50.928571,234,1.675286,349.899
1987-W53,202.748299,4.272789,677.131548,4.127381,47.78,221,1.8515,349.5821667
1988-W01,154.538922,5.322156,679.483333,4.135849,32.157576,234.6,1.3496,350.2583333
1988-W02,181.674419,4.250388,681.944643,6.583735,35.457831,230,1.3272,349.9474
1988-W03,167.713415,3.885976,680.650595,7.34491,24.167665,220.75,1.42675,350.3578333
1988-W04,209.837349,4.360241,677.444048,4.984524,32.47619,219,1.5318,351.0366667
1988-W05,196.802395,3.091617,679.433929,5.460843,24.415663,235.429,1.451143,351.243
1988-W06,127.958084,4.494012,678.504762,4.314286,31.748503,242.5,1.780167,351.2526667
1988-W07,173.615854,3.655488,677.046429,4.325153,30.928144,247.333,1.455167,351.3405
1988-W08,205.017857,3.769048,680.575595,5.428659,50.680723,227.4,1.2244,348.8266667
1988-W09,136.551724,5.711207,682.177381,7.555357,7.565476,239.333,1.270667,352.6506
1988-W10,147.561644,3.958904,681.453571,5.774251,23.233533,255,1.542,352.2355
1988-W11,239.789474,3.617763,679.308929,5.175152,32.952096,265.714,1.414,352.3656667
1988-W12,236,4.15618,678.750694,4.495833,47.625,266.75,1.26,352.596
1988-W13,161.390071,3.243262,677.871429,7.040343,36.892945,287.5,1.9385,353.5326
1988-W14,140.451613,3.527742,679.167066,4.887273,38.545455,271.8,1.4158,353.1983333
1988-W15,131.511111,3.293333,680.864286,6.998788,28.69697,267,1.338429,354.0866667
1988-W16,124.43662,4.992254,680.702976,7.750625,19,283.5,1.192,354.585
1988-W17,149.90566,3.400629,679.3625,6.494479,38.024242,280.143,1.681,356.5221667
1988-W18,197.060976,2.653049,680.891667,8.913253,34.978417,274.429,1.366286,353.8428333
1988-W19,194.291667,2.622619,681.354762,7.584431,43.57485,282,1.525286,354.426
1988-W20,168.303571,4.83631,682.115476,9.121687,29.680723,278.857,1.357714,354.3214
1988-W21,133.119048,5.079167,681.102381,6.694643,34.077381,299.714,1.341,354.6995
1988-W22,157.416667,4.504167,682.645238,8.58869,47.827381,271.5,1.537167,353.93
1988-W23,111.197605,3.526347,680.83869,8.152381,33.876543,278.167,1.408833,354.7183333
1988-W24,131.157576,3.863636,682.31131,10.033133,24.795181,266.833,1.374833,353.785
1988-W25,131.724551,7.981437,681.58869,9.928571,19.821429,271.5,1.426667,353.3188333
1988-W26,156.578313,4.56747,681.169643,8.206627,29.716867,274.429,1.249429,353.7155
1988-W27,128.379518,5.633735,680.48869,9.428659,30.390244,268.167,1.240833,352.729
1988-W28,155.120482,4.296988,682.407143,8.960479,42.988024,271.4,1.1454,352.3945
1988-W29,213.875,3.45119,680.950595,7.485629,39.275449,273,1.266,352.0905
1988-W30,172.880952,3.7,681.951786,8.622024,37.64881,270.571,1.081,351.7988333
1988-W31,131.577381,3.972619,681.069048,8.907229,52.073171,267.6,1.277,351.309
1988-W32,180.428571,3.54881,682.215476,8.075595,66.05,264.714,1.661143,350.835
1988-W33,133.879518,4.064458,681.495238,9.23012,25.036145,267,1.218,350.4388333
1988-W34,146.561728,3.449383,680.01131,9.396407,23.215569,258.833,1.374,348.82425
1988-W35,177.671329,3.072028,680.447619,9.725455,46.327273,249.5,1.247667,349.0188333
1988-W36,180.838509,2.860248,680.828571,8.204217,53.168675,260.833,1.439333,349.0071667
1988-W37,122.77451,2.589216,680.877381,9.988554,25.656627,262.429,1.449571,348.78
1988-W38,135.979592,4.044898,680.089881,9.606548,23.416667,260.714,1.325857,349.1521667
1988-W39,162.29878,3.221951,681.852976,7.470482,57.980392,257,1.6295,349.1571667
1988-W40,127.54491,5.100599,680.585714,8.24303,36.084848,262.286,1.622857,348.8916667
1988-W41,172.130952,3.554167,680.896429,7.151786,53.291667,261.8,1.3778,348.7961667
1988-W42,229.346939,3.540816,679.57483,7.033784,57.972973,262.429,1.480429,349.4045
1988-W43,179.153846,2.913287,680.291333,6.753226,43.120968,263.857,1.635143,349.7333333
1988-W44,177.340136,5.34966,679.582143,6.56747,51.36747,253.25,1.30325,350.0732
1988-W45,138.142857,7.810204,681.804167,6.328571,52.708333,255.75,1.25325,349.705
1988-W46,180.386905,3.755952,680.985714,5.014371,66.939394,256.25,1.74625,350.3616667
1988-W47,150.486111,7.931944,680.622619,5.268263,54.228916,264,1.726833,354.935
1988-W48,167.28481,3.325316,680.814286,6.785542,41.259036,257,1.513714,350.686
1988-W49,157.053892,5.491617,680.366667,6.048466,39.447853,250,1.53,350.73
1988-W50,170.166667,5.117857,677.307143,3.588148,54.320755,247.167,1.780833,351.6
1988-W51,156.946309,8.30604,680.538926,4.572109,36.033557,252.833,1.569667,351.685
1988-W52,166.255952,6.496429,680.1375,3.013548,69.757143,271.333,1.748,353.29
1989-W01,167.910714,6.15,679.286905,2.695556,64.642276,254.5,1.559,352.755
1989-W02,150.970238,7.583929,678.800595,2.74,84.357143,256,1.859667,352.59
1989-W03,150.820359,4.531138,678.407143,3.012414,59.39881,259.833,1.751,352.7483333
1989-W04,182.482143,3.952976,678.40119,4.077987,38.821429,262,1.610714,352.855
1989-W05,201.378049,3.845122,677.304762,3.797203,59.638037,264.75,1.32125,353.455
1989-W06,220.449102,4.598802,676.975595,3.319643,68.700637,270,1.3754,352.5283333
1989-W07,144.482143,5.700595,680.486905,3.856364,51.433735,275.857,1.481429,353.2066667
1989-W08,175.125749,4.286228,678.4125,3.705072,39.143713,273.571,1.520857,353.7616667
1989-W09,221.502994,8.321557,675.767262,4.419048,72.136905,260,1.2178,353.775
1989-W10,249.60119,4.921429,678.77619,4.407143,55.77381,273.667,1.435833,353.5183333
1989-W11,176.238095,3.202381,679.089286,3.948611,41.326667,278.8,1.2406,353.27
1989-W12,135.855422,7.078916,681.209524,6.653939,47.678788,272.429,1.340143,355.0066667
1989-W13,122.329341,6.331737,680.211905,4.572414,48.565476,282.6,1.2648,355.14
1989-W14,207.313253,3.389157,675.941667,2.224074,84.053691,290,1.5092,354.1283333
1989-W15,220.386905,2.978571,678.584524,5.322619,47.660714,286.6,1.176,355.485
1989-W16,226.885542,3.774699,678.651786,4.681437,52.02994,294,1.252333,358.3083333
1989-W17,211.018293,2.44939,678.749102,3.681988,74.642857,315,1.190333,356.9116667
1989-W18,251.529762,6.239286,678.723214,6.895238,28.565476,287,1.223,355.2483333
1989-W19,167.820359,3.502395,680.9125,4.468452,75.238095,299,1.59675,356.1733333
1989-W20,211.373494,2.959036,680.053571,5.21131,55.14881,304.6,1.3678,355.8116667
1989-W21,180.39521,4.049102,681.82619,5.361677,65.481707,298.167,1.458167,356.2966667
1989-W22,176.797546,3.65092,680.846429,5.421557,61.287129,260.627,1.321878,356.0883333
1989-W23,186.843373,3.598193,681.278571,6.393976,62.078313,260.627,1.321878,355.575
1989-W24,162.173653,5.209581,682.955357,8.724405,32.842105,286,1.58125,356.1966667
1989-W25,131.339286,4.380357,680.625,9.872455,21.704819,283.667,1.444,355.0333333
1989-W26,154.072289,3.886145,680.622619,9.665868,26.137725,277.714,1.166143,354.1966667
1989-W27,182.291667,3.929762,681.429167,6.941667,49.619048,282,1.3658,354.92
1989-W28,142.721212,8.292727,681.640476,8.640361,45.584337,281.833,1.289167,353.7875
1989-W29,160.279762,6.620833,681.761905,7.850303,65.242424,279.75,1.55175,353.9175
1989-W30,152.994048,3.711905,682.234524,8.413253,39.777108,273,1.188,353.21875
1989-W31,146.736196,3.907362,680.831548,9.097605,29.88024,273,1.068857,352.3125
1989-W32,163.214286,3.285119,681.44881,8.465269,41.047904,273.429,1.080429,352.46875
1989-W33,123.686747,4.311446,681.51369,10.036905,28.658683,274.667,1.214333,351.05875
1989-W34,189.595238,2.896429,680.742262,6.799398,55.533742,273.714,1.415286,349.9
1989-W35,148.095808,4.257485,680.485714,9.158333,34.5,271.429,1.508857,350.07
1989-W36,190.329341,3.037126,679.818452,9.418072,31.277108,275.571,1.397,349.5675
1989-W37,160.874251,2.94012,680.42381,7.098171,47.0875,277,1.408429,349.64125
1989-W38,144.452381,4.657738,680.129167,8.47485,28.335329,275.857,1.353571,349.4375
1989-W39,162.793939,3.546667,680.316667,8.604878,40.969512,269.429,1.546286,349.98125
1989-W40,205.575758,2.311515,680.12381,6.894578,84.701299,265,1.5486,349.5978472
1989-W41,173.907407,3.352469,680.795062,7.383333,61.37037,263.4,1.5822,349.2144444
1989-W42,147.547619,3.410714,680.575595,7.895181,42.164474,263.75,1.42525,350.38125
1989-W43,215.51497,3.315569,680.971429,5.83141,66.891026,261.6,1.6904,350.475
1989-W44,202.23494,2.824699,679.98631,7.311765,34.833333,255.167,1.395333,350.81125
1989-W45,155.035928,4.71976,679.402976,6.055488,34.328358,255.8,1.5152,351.09875
1989-W46,209.791667,2.819048,679.452976,6.852727,49.376812,249.714,1.965857,351.91625
1989-W47,141.658537,5.441463,680.769643,7.135366,16.503067,251.75,1.301,352.424375
1989-W48,186.904192,4.715569,681.827381,7.845181,15.863354,243.857,1.694571,352.9325
1989-W49,195.035928,4.553892,678.985119,6.042236,34.797619,241.833,1.538333,352.40125
1989-W50,258.267081,6.031056,675.230247,4.628188,25.75,244.571,1.898286,352.74875
1989-W51,228.64881,5.1375,680.292262,7.315476,23.824242,246.571,1.543286,352.6925
1989-W52,198.869048,3.369643,679.915476,3.996226,40.550898,252.8,1.7202,352.925
1990-W01,140.437126,7.898802,680.894048,4.686667,39.054545,260.871,1.327862,354.7266667
1990-W02,190.610778,3.169461,680.81369,5.869281,18.113772,237,1.45175,353.5125
1990-W03,190.529762,5.419643,676.032335,3.599401,76.780488,260.836,1.328044,354.035
1990-W04,164.403614,5.070482,676.908982,5.803593,67.428571,251.5,1.3655,353.86625
1990-W05,142.357143,7.67381,679.667262,5.020359,51.260274,252.333,1.609667,354.49
1990-W06,164.493976,6.762048,679.855952,4.318881,23.184049,243.571,1.718,356.03
1990-W07,250.285714,5.069643,678.317857,5.061538,18.46875,246,1.522714,355.4575
1990-W08,242.672619,7.802976,677.342857,5.076667,22.251852,259.8,1.45,357.45875
1990-W09,216.440476,9.45119,677.914881,3.075221,57.22449,251.667,1.756333,356.406875
1990-W10,177.130952,6.657738,679.530357,3.578571,61.524096,255,2.264667,355.355
1990-W11,183.845238,4.523214,679.352976,6.153988,48.407407,253.429,1.353429,356.564
1990-W12,225.041916,4.626946,681.242262,8.416667,34.322148,247.833,1.228,355.38
1990-W13,129.946429,3.485714,681.523214,6.954167,21.208333,289.714,1.319286,356.9283333
1990-W14,225.869048,4.21369,678.055357,5.010204,39.449102,277.333,1.380833,357.4366667
1990-W15,207.095238,3.668452,681.073214,6.782635,44.590361,271.667,1.493,356.195
1990-W16,140.443114,6.499401,681.939286,9.823353,13.739394,274.8,1.443,356.6133333
1990-W17,199.154762,2.975,680.363095,7.614371,40.770186,273.8,1.3912,357.0016667
1990-W18,174.803571,4.048214,680.424405,8.274251,40.47619,275.571,1.312286,357.9083333
1990-W19,188.059524,3.574405,679.954167,8.36747,38.021001,285.429,1.346143,356.9283333
1990-W20,173.291667,3.558929,679.692857,6.944242,36.352941,287.667,1.415333,358.065
1990-W21,144.287425,4.535329,681.672619,7.455689,32.91411,285.429,1.635571,358.065
1990-W22,115.982143,6.385714,683.243452,9.684431,29.626506,275.714,1.489571,357.4683333
1990-W23,156.427711,6.472289,681.992262,9.52619,20.109091,283.143,1.376714,357.0516667
1990-W24,151.220238,6.666667,681.51131,9.514881,21.284848,279.429,1.189714,356.2866667
1990-W25,152.532934,3.064671,681.81369,9.835152,34.615854,261,1.3652,355.9316667
1990-W26,119.837349,5.749398,681.516071,10.516766,27.161677,274.143,1.290857,355.76
1990-W27,235.592814,5.261677,682.067857,6.489634,47.310976,270,1.545571,356.085
1990-W28,165.636364,3.206061,681.108333,7.55,38.902439,277.571,1.193857,353.2233333
1990-W29,136.364198,3.378395,680.969048,7.226946,62.046053,267.857,1.533429,353.775
1990-W30,142.830986,4.901408,681.210714,9.241566,28.620482,273,1.101143,354.3266667
1990-W31,203.951724,2.731724,683.152381,7.389222,66.946108,268.667,1.596167,353.9033333
1990-W32,155.131737,4.482036,681.591667,11.222619,23.232143,273.571,1.109429,351.4933333
1990-W33,150.232143,4.573214,682.439286,9.360241,38.53012,272.429,1.359143,353.4283333
1990-W34,165.730539,3.783234,681.669048,8.391071,45.64881,275,1.227,352.4483333
1990-W35,218.047619,3.322619,681.404762,7.719277,52.395062,266.333,1.3805,350.9
1990-W36,167.77381,3.547024,682.044048,7.908434,54.096386,266.833,1.6065,350.2216667
1990-W37,163.060241,3.695783,680.832738,8.110843,51.36747,264.333,1.619333,351.3666667
1990-W38,175.452381,3.710714,681.5375,7.77485,65.413793,266.75,1.58025,352.2983333
1990-W39,174,3.41976,681.7375,7.372,45.565217,271.833,1.345167,351.0933333
1990-W40,200.419162,2.928743,681.804167,7.997931,43.801418,262.286,1.591143,351.3516667
1990-W41,176.35119,4.581548,680.847024,7.305357,32.029762,267.714,1.371,351.2783333
1990-W42,194.237805,2.367073,682.23253,6.612048,65.368421,261.75,1.31,351.6966667
1990-W43,153.005988,3.526946,681.541071,7.940719,34.08982,257.286,1.528571,351.69
1990-W44,171.493976,3.580723,681.571429,7.06747,45.890909,254.25,1.51775,352.2083333
1990-W45,185.407186,3.317964,679.721429,6.985542,49.924138,260.143,1.551429,352.3766667
1990-W46,176.024242,3.268485,680.642857,6.510119,79.295082,260.667,1.356,353.395
1990-W47,208.604651,6.803101,678.962016,6.166667,91.666667,251.75,2.039,353.6145
1990-W48,188.785714,3.750595,681.5375,6.451807,74.537931,258.143,1.746429,353.834
1990-W49,146.922156,4.238922,680.838095,6.362092,61.019868,250,1.543,353.4416667
1990-W50,180.53012,5.027108,680.41369,4.893,82.764706,247.167,1.53,356.3916667
1990-W51,169.922156,5.320359,678.876378,3.799206,82.177083,262.25,1.74475,356.2875
1990-W52,223.827381,10.270833,675.145833,3.566443,36.279762,267.167,1.6745,356.1833333
1991-W01,228.244048,4.110119,678.811905,6.013415,17.871951,252.667,1.565,354.4133333
1991-W02,184.491018,4.354491,680.674405,5.08631,33.293413,250,1.561857,355.229
1991-W03,190.383234,3.279641,681.695833,3.807031,50.558824,242,1.578429,354.9883333
1991-W04,233.738095,5.78869,676.6875,4.802143,64.293233,243.667,1.519167,354.5666667
1991-W05,228.892857,11.038095,678.407143,5.909581,38.666667,230.2,1.6304,355.5283333
1991-W06,245.583333,4.004167,680.659524,6.464848,29.709091,228.143,1.459,355.945
1991-W07,202.85119,6.795238,679.55119,6.532934,24.97006,236.5,1.416667,356.6583333
1991-W08,200.72619,3.8375,678.060119,3.415854,62.554217,246.4,1.637,356.7666667
1991-W09,251.654762,9.324405,677.166667,7.204192,9.275449,250.286,1.395571,355.42
1991-W10,185.357143,4.149405,678.778571,3.942767,38.077844,274.6,1.385,357.9133333
1991-W11,147.981818,4.852727,679.833333,2.015625,89.541353,289.5,1.227,358.245
1991-W12,232.323353,4.28503,679.613095,4.609697,69.06875,266.5,1.49,357.64
1991-W13,168.065476,4.454762,681.00119,5.107792,41.590361,279.143,1.364286,358.4633333
1991-W14,134.775758,7.952121,681.792262,7.247904,7.664671,284.857,1.316714,358.47
1991-W15,226.730539,4.217964,680.072024,5.255422,57.307229,282.4,1.1254,357.3533333
1991-W16,179.809524,3.404167,678.742857,5.464557,35.644578,308.143,1.363429,360
1991-W17,169.487952,3.61988,681.589286,6.608434,28.13253,299.286,1.343857,358.9866667
1991-W18,153.113772,5.408383,679.947619,7.380368,24.803681,302.714,1.346143,359.955
1991-W19,141.182927,4.212195,681.435714,8.272561,30.304878,291.143,1.477571,358.5583333
1991-W20,133.907407,4.114198,682.690244,8.463804,19.277778,302.2,1.053,360.1816667
1991-W21,171,2.082317,679.434524,5.917365,48.236364,294.857,1.475286,359.5833333
1991-W22,227.879518,2.61988,680.714881,9.878571,27.363095,277.4,1.2716,359.19
1991-W23,161.843373,3.321687,679.892262,7.377108,34.271084,298,1.410333,358.7966667
1991-W24,126.652695,2.534132,681.21369,6.029268,41.537037,281,1.251833,358.8633333
1991-W25,191.820359,2.283234,681.150595,7.928049,32.478528,285.571,1.179714,358.3416667
1991-W26,190.414286,1.98,682.247024,10.689157,29.608434,271.286,1.325857,359.2
1991-W27,201.602041,2.97551,680.73631,8.022754,36.51497,275.8,1.423,356.1666667
1991-W28,149.646707,2.478443,681.423214,9.240361,42.180645,269.714,1.298286,356.525
1991-W29,142.513889,4.177083,682.352381,11.298802,24.473054,271.2,1.2614,355.456
1991-W30,126.704819,6.607229,681.658333,9.406627,29.180723,281,1.2616,354.8816667
1991-W31,184.791667,2.721429,682.009524,7.989222,44.890244,266.143,1.312714,354.4316667
1991-W32,137.76,5.799333,681.659398,8.37197,52.046512,258,1.311667,355.07
1991-W33,172.94012,3.932335,681.982738,9.579518,30.222892,265.5,1.28925,354.5983333
1991-W34,217.851351,3.320946,682.125828,6.631068,67.838384,274.5,1.8425,353.4866667
1991-W35,197.236641,3.355725,682.58869,8.544138,61.347518,265.5,1.116,353.725
1991-W36,143.161677,4.228743,682.139881,8.549701,49.42515,269,1.45,352.41
1991-W37,116.696429,6.242262,680.519643,8.798802,24.706587,255,1.431429,352.4633333
1991-W38,147.588235,4.062185,678.889881,7.87546,42.815951,256.429,1.728714,351.3966667
1991-W39,184.156463,2.606122,681.514286,6.863462,66.833333,258.143,1.647429,352.185
1991-W40,115.297619,3.494643,680.470238,10.284932,28.609589,257.4,1.1036,352.2916667
1991-W41,181.281437,2.723952,680.909524,8.776506,34.789157,251.857,1.584,352.6066667
1991-W42,155.024096,2.904819,680.008333,8.379762,51.612245,246.5,1.543167,352.5333333
1991-W43,183.078313,2.695181,678.798214,6.877844,44.623457,253.5,1.4125,352.92
1991-W44,199.877863,2.381679,680.854167,7.325595,46.767857,253.429,1.470429,353.3433333
1991-W45,135.223602,5.455901,682.034524,8.696386,23.945783,251.167,1.442833,355.0966667
1991-W46,163.806452,5.082581,681.460714,8.431548,47.779762,235.667,1.842167,353.7883333
1991-W47,148.02963,5.3,681.210119,7.201212,72.105263,241.714,1.580429,354.0866667
1991-W48,171.666667,4.454762,678.758333,6.542771,51.905797,237.833,1.505833,354.715
1991-W49,190.076336,3.923664,680.225,5.74759,41.412121,246.571,1.653429,354.9483333
1991-W50,244.863014,2.386301,679.244048,5.703846,66.385542,238.667,1.7285,355.1133333
1991-W51,191.255952,3.484524,680.173214,6.285455,38.054545,222.5,1.484667,355.7133333
1991-W52,128.333333,4.855357,680.541667,7.08012,23.557576,237.857,1.758286,357.7083333
1992-W01,157.452381,5.370238,680.310714,6.369048,48.732143,243.286,1.755143,356.55
1992-W02,208.946429,3.679167,679.839881,5.433133,25.047904,231.857,1.760429,356.1666667
1992-W03,220.22619,4.27619,677.834524,5.375168,45.157576,237.5,1.7565,357.1466667
1992-W04,247.380952,3.482143,681.602381,7.078571,30.422619,231.857,1.838143,357.1033333
1992-W05,217.900709,4.70922,681.065734,8.03986,15.86014,238,1.3416,357.4716667
1992-W06,221.416667,2.773214,678.653571,5.173077,17.269461,259.571,1.457,356.9283333
1992-W07,240.958333,8.485714,677.628571,4.784431,36.2625,254.857,1.761143,357.7866667
1992-W08,217.22619,5.7,679.780952,5.243312,38.095808,249.714,1.945286,357.5583333
1992-W09,211.589286,5.446429,680.204762,8.292727,21.993939,249.714,1.445286,357.0366667
1992-W10,171.988095,3.263095,680.183929,5.818239,36.436364,256.857,1.49,358.4316667
1992-W11,177.420732,3.221341,680.104878,6.880864,26.91358,256.286,1.527143,358.85
1992-W12,146.144578,4.066867,681.460241,6.162733,22.347826,260.429,1.380857,359.495
1992-W13,124.23494,3.296988,681.205952,6.970482,19.981928,274,1.186429,359.095
1992-W14,188.08982,2.956287,679.649701,6.03697,31.181818,273.833,1.416667,358.9316667
1992-W15,245.440476,3.994643,678.38869,6.608537,32.268293,272.429,1.608714,359.1266667
1992-W16,175.157576,3.792727,682.11369,9.220359,29.047904,274,1.298714,359.92
1992-W17,236.595238,6.22619,678.26131,10.567262,33.184524,271.286,1.506571,360.3716667
1992-W18,235.690476,5.542857,681.36369,8.633133,30.181818,282.286,1.327571,360.25
1992-W19,230.113095,4.891071,678.657143,8.776364,19.919753,284.286,1.345,360.23
1992-W20,263.166667,7.019643,680.080952,7.553939,49.587879,270.143,1.406571,358.7083333
1992-W21,233.958333,8.572024,680.029762,7.806024,42.578313,276.857,1.333143,359.285
1992-W22,150.626506,3.56506,682.576786,9.846667,36.915152,281,1.417,360.8666667
1992-W23,119.22619,4.257143,680.951786,9.680838,25.748503,278,1.433286,360.7516667
1992-W24,137.428571,5.274405,681.695238,9.86131,23.815476,278.667,1.116167,360.28
1992-W25,111.191617,4.567066,682.076786,10.677246,25.664671,277.286,1.118143,359.135
1992-W26,142.4,5.498182,681.861905,10.24881,27.625,269.571,1.572857,358.6883333
1992-W27,113.888,4.1376,681.60119,10.848171,31.573171,260.714,1.646286,358.7575
1992-W28,154.568862,3.519162,680.865476,8.395181,44.52439,259.167,1.789833,356.3966667
1992-W29,107.596386,4.418675,680.73631,9.31988,33.927711,260,1.336286,356.69
1992-W30,128.761905,5.28869,682.192262,7.6875,57.361446,256.5,1.292667,357.3783333
1992-W31,161.167665,3.179042,682.703571,8.247024,61.543046,258.167,1.416667,354.7433333
1992-W32,139.952096,4.264671,682.465476,8.547024,41.767857,266.286,1.401,356.15
1992-W33,169.305195,3.358442,682.457595,7.95641,74.401361,253.4,1.7152,356.112
1992-W34,180.39521,4.111377,682.482143,8.654217,50.055556,261.167,1.244,354.7283333
1992-W35,185.090361,3.364458,682.152381,8.005952,59.13125,250,1.645429,353.61
1992-W36,201.309524,2.910714,680.794643,7.979012,63.45625,253,1.877143,354.26
1992-W37,144.422619,3.936905,681.842262,9.435542,72.296296,245.75,1.26925,355.1366667
1992-W38,204.297619,3.053571,680.247619,6.69759,74.038462,261.326,1.351192,353.2
1992-W39,176.339286,3.634524,680.645238,8.232335,58.011976,261.326,1.351192,354.01
1992-W40,206.253012,2.601807,680.748795,7.281595,51.17284,253.286,1.516714,352.7116667
1992-W41,208.321918,4.234247,680.856164,8.486897,52.770833,243,1.5584,353.5575
1992-W42,145.506024,3.154217,681.302976,8.222156,64.933735,232.5,1.22225,353.9516667
1992-W43,141.006211,7.007453,682.942593,8.303106,31.63522,246.143,1.564286,353.635
1992-W44,151.245509,5.12515,680.207738,7.836145,30.674699,242.8,1.3076,353.5266667
1992-W45,183.053571,6.683929,680.351786,7.788024,56.598802,231.5,1.553,354.8883333
1992-W46,166.119048,6.036905,680.52381,6.698802,20.526946,238.6,1.2602,356.0633333
1992-W47,182.636905,3.117857,681.350595,7.726994,50.839506,231,1.363,355.04
1992-W48,201.85119,3.994643,679.729167,5.957229,57.867925,234.25,1.363,355.0825
1992-W49,142.916168,5.214371,681.493452,6.921818,43.363636,228.75,1.5955,355.0925
1992-W50,134.886905,6.817857,680.597024,4.985119,34.244048,223.857,1.712286,356.7125
1992-W51,166.083333,5.855952,680.477381,6.854167,36.166667,223.2,1.6952,355.685
1992-W52,193.279762,4.202381,678.177381,4.745509,69.09697,235.5,1.826,356.25125
1992-W53,230.190476,6.845238,676.508333,3.562275,65.080745,217.5,2.836,356.8175
1993-W01,235.482143,13.258929,673.418452,2.824818,36.2125,226,1.35125,356.815
1993-W02,227.946108,6.138323,679.220958,4.333121,31.151515,219.8,1.436,357.875
1993-W03,227.916168,3.868263,680.246108,4.593865,33.757576,231,1.5692,356.855
1993-W04,210.275449,6.269461,677.844048,6.568452,14.404762,218.4,1.2966,356.55625
1993-W05,248.113095,8.93631,677.576786,6.563253,22.355422,218.143,1.504143,357.3175
1993-W06,249.589286,6.895238,678.167262,6.008974,18.690476,234.429,1.446429,357.51
1993-W07,214.101796,3.221557,679.777976,4.716783,24.059524,242.857,1.746714,357.265
1993-W08,153.52381,5.10119,681.329762,6.162651,10.36747,239.286,1.589429,357.49
1993-W09,164.446429,4.741071,680.988024,4.883019,14.240964,248.143,1.517714,359.7125
1993-W10,243.35119,6.673214,675.984524,3.609322,40.257576,246.8,1.2362,359.1075
1993-W11,223.783133,4.637349,680.547024,5.871429,32.094595,242.857,1.511,358.6366667
1993-W12,168.814371,4.413174,683.330357,7.754762,31.696429,245.429,1.492,358.095
1993-W13,141.628743,5.308982,681.349405,7.158434,47.270968,263.714,1.483,358.845
1993-W14,136.785714,4.235119,680.983929,7.716071,17.315476,264.667,1.489167,358.1825
1993-W15,135.321429,6.319643,682.935714,10.195783,9.908537,259.286,1.540857,360.17
1993-W16,164.716867,2.877108,681.7875,8.647904,26.305389,256.857,1.333,360.3975
1993-W17,158.053892,4.573054,681.529762,6.941104,23.638037,265.857,1.452857,360.1175
1993-W18,160.634731,7.78024,680.695833,7.373494,13.379518,272.143,1.433571,360.3325
1993-W19,244.559524,3.657143,679.226786,7.005389,40.156627,272,1.253833,360.8825
1993-W20,230.305389,3.602395,680.210119,7.255488,32.54878,282,1.113,361.0875
1993-W21,127.452381,5.198214,682.634524,8.574545,23.454545,285,1.033,360.7575
1993-W22,136.278788,8.152121,682.322619,10.064072,18.257485,294,1.044,359.77
1993-W23,147.327381,4.961905,681.926786,10.415152,17.709091,270.5,1.038,360.14
1993-W24,112.072289,3.556627,681.659524,11.205455,20.618182,263.667,1.204333,359.7975
1993-W25,109.197605,4.898802,682.199405,12.278571,8.577381,255,1.363714,359.7925
1993-W26,131.096386,2.879518,681.344048,9.940606,26.833333,257.143,1.421857,358.1275
1993-W27,255.107784,4.012575,680.210714,8.929341,38.335329,259.6,1.2846,358.91
1993-W28,169.168675,2.605422,682.133333,7.287195,54.033557,253.714,1.316,358.3325
1993-W29,154.108333,6.664167,682.163303,7.53125,58.8875,265.4,1.5012,357.41
1993-W30,134.55,2.906667,682.667213,7.060228,38.422648,262.5,1.271167,356.49
1993-W31,101.331325,3.36988,683.25119,7.060228,38.422648,258.167,1.118,356.415
1993-W32,115.489796,4.523129,682.242568,7.060228,38.422648,259.667,1.5055,356.0425
1993-W33,207.560976,3.138415,681.731138,7.626531,38.422648,258.5,1.424333,355.3625
1993-W34,195.248485,3.242424,681.969643,7.451807,57.335664,255.286,1.407714,354.855
1993-W35,234.067073,3.156098,680.95697,7.32625,49.0375,261.143,1.819714,353.45
1993-W36,147.73494,3.492771,681.954762,7.401205,40.446281,261,1.461857,353.09
1993-W37,141.560241,3.16506,682.122892,7.227273,49.111888,257.333,1.429167,354.6925
1993-W38,244.154762,3.27381,681.092262,6.548387,70.159664,256.143,1.71,354.6025
1993-W39,168.11976,3.163473,681.714286,8.605389,51.246914,249.6,1.6414,353.265
1993-W40,145.982036,3.956886,682.295833,8.112121,42.987879,254.714,1.791714,353.9866667
1993-W41,229.155689,3.635329,680.119643,6.298802,50.592814,260.167,1.827167,354.055
1993-W42,210.946429,3.308333,679.992857,6.931548,36.562044,251.2,1.87,355.3
1993-W43,225.773109,8.545378,678.251667,6.652586,37.666667,252.667,1.515,354.0675
1993-W44,132.625,3.08125,680.15,10.3875,38.537461,253.143,1.589857,355.105
1993-W45,256.44,4.295,678.5758,6.50297,19.130435,251.571,1.552429,355.6775
1993-W46,155.821429,4.221429,679.445595,8.008333,16.754601,245.143,1.479571,358.045
1993-W47,225.89881,3.295833,678.715417,6.18869,19.080745,252.5,1.8175,356.2925
1993-W48,164.75,4.88869,680.53881,6.707738,21.7125,243.143,1.653714,356.315
1993-W49,137.97619,8.704167,680.158155,6.5875,10.916168,252.857,1.714714,356.4475
1993-W50,188.72619,2.807738,678.11125,4.786905,51.718563,246,1.766,361.17
1993-W51,145.821429,4.732143,679.694821,6.317857,16.220238,241.143,1.793286,357.72
1993-W52,245.184524,4.491667,679.717651,8.422289,16.716867,239.429,1.926857,357.8225
1994-W01,215.279762,3.308333,679.15119,5.901786,20.704819,237.333,1.368333,358.21
1994-W02,241.60119,4.046429,677.867262,5.960119,22.847561,246.143,1.571143,358.3525
1994-W03,223.770833,4.152778,677.229167,5.065972,25.194444,248.8,1.8446,358.39
1994-W04,244.576389,4.860417,677.059722,4.398374,39.552448,244.833,1.813,359.68
1994-W05,137.279762,5.555952,679.78631,5.240972,21.979167,256,1.631833,358.6975
1994-W06,196.130952,3.386905,676.822619,3.525595,62.248485,261.5,1.48125,358.91
1994-W07,205.930556,4.724306,676.288194,4.968056,73.986014,257,1.61375,358.695
1994-W08,228.25,4.389286,678.4125,6.716071,28.575758,262,1.5655,360.14
1994-W09,214.565476,4.016667,679.494643,7.120833,26.202381,260.36,1.364991,358.125
1994-W10,157.35119,4.87619,681.211905,9.447024,17.778443,260.36,1.364991,358.7925
1994-W11,158.194444,7.246528,678.989583,5.470833,15.638889,260.36,1.364991,361.2175
1994-W12,216.85119,3.772024,676.384524,4.038095,65.829268,260.36,1.364991,361.315
1994-W13,209.613095,3.361905,680.314907,6.678261,38.3125,260.36,1.364991,360.3275
1994-W14,159.880952,4.223214,679.720833,7.905952,27.66875,260.36,1.364991,361.32
1994-W15,212.868056,2.977083,678.098611,6.540972,22.857143,260.36,1.364991,360.3825
1994-W16,184.488095,5.364286,680.364286,8.2625,22.535714,260.36,1.364991,361.6625
1994-W17,147.041667,4.293452,680.502381,7.866667,22.119048,260.36,1.364991,361.745
1994-W18,166.303571,5.722619,680.479167,8.58631,20.636905,260.36,1.364991,361.625
1994-W19,195,3.159028,680.472917,7.143056,44.513889,260.36,1.364991,361.79
1994-W20,157.654762,3.264881,679.90119,9.010119,27.192771,260.36,1.364991,361.9125
1994-W21,175.214286,4.336905,680.508929,8.672024,40.058442,269.5,1.9935,359.8925
1994-W22,181.696429,3.594643,680.201786,10.715476,23.964072,271.143,1.610857,361.52
1994-W23,147.994048,3.748214,681.455952,10.028571,26.577381,271.571,1.351857,361.73625
1994-W24,137.46988,3.811446,679.96988,9.159036,27.6625,271.286,1.635143,360.6625
1994-W25,194.982143,3.482738,680.2375,7.527976,45.029762,281.667,1.351167,360.3575
1994-W26,186.214286,2.714881,680.611843,7.778571,59.170732,266,1.5498,358.9875
1994-W27,170.731092,4.568908,680.611843,9.729412,30.646018,271.5,1.330667,359.35
1994-W28,136.72619,8.520833,680.611843,9.529167,42.529762,268.667,1.240833,358.0125
1994-W29,166.878205,5.983333,680.611843,9.423214,56.081633,264.2,1.626,359.2275
1994-W30,160.333333,4.684524,680.611843,9.945833,40.416667,264.571,1.391571,358.8975
1994-W31,171.283333,3.690833,680.611843,10.535833,38.45,263.429,1.298,357.7225
1994-W32,144.926829,3.310569,680.611843,9.662602,48.713115,264.5,1.16,357.4075
1994-W33,144.328767,4.681507,680.611843,9.078767,45.554795,265.286,1.56,357.2925
1994-W34,180.553571,5.402381,680.611843,8.808333,43.39881,267.5,1.40825,356.665
1994-W35,194.625,4.536806,680.611843,8.488194,65.784722,266.857,1.939286,356.4625
1994-W36,153.113095,3.630357,680.611843,9.592262,41.515152,260,1.4042,354.6675
1994-W37,185.553571,2.722024,680.611843,7.664881,68.059524,254.8,1.344,353.62
1994-W38,158.524823,4.068085,680.611843,8.271631,51.191489,258.833,1.408,355.2725
1994-W39,245.927419,3.477419,680.611843,8.295161,43.203252,257.286,1.489,355.1566667
1994-W40,161.065476,2.589881,680.611843,9.023214,32.047619,262.8,1.1024,355.8175
1994-W41,160.333333,2.960417,680.611843,8.555357,29.170732,254.5,1.1905,356.42
1994-W42,162.291667,3.945833,680.611843,8.045238,43.571429,254.286,1.457857,354.9575
1994-W43,167.708333,3.171528,680.611843,7.884722,27.791667,258.2,1.5146,356.85
1994-W44,168.297619,5.311905,680.611843,8.015476,43.167702,243.4,1.2784,356.76
1994-W45,164.231707,6.191463,680.611843,6.065663,60.262195,245,1.6955,357.235
1994-W46,163.392857,5.607738,680.611843,5.577976,64.431138,247.5,2.189333,357.39
1994-W47,158.672619,3.82619,680.611843,7.177381,26.636905,235.667,1.608,358.2575
1994-W48,159.886905,5.764881,680.611843,5.826786,30.329341,234,1.636857,358.1375
1994-W49,140.422619,8.867857,680.611843,7.620238,11.418182,223.571,1.659429,360.0725
1994-W50,133.967532,8.013636,680.611843,7.554545,6.012987,232.857,1.638429,359.9025
1994-W51,177.011905,4.139286,680.611843,9.008929,10.327381,216,1.669571,360.00125
1994-W52,222.416667,2.95119,680.338333,8.469048,19.347305,204,1.680857,360.1
1995-W01,201.255952,3.972024,681.058571,8.24881,16.005988,215,1.762571,361.105
1995-W02,219.041667,3.618452,679.788095,7.134132,34.053892,211,1.456833,359.9675
1995-W03,134.238095,4.829762,680.052024,6.751786,29.238095,223.571,1.751286,359.9325
1995-W04,212.232143,7.917857,679.070357,8.57619,28.720238,224,1.3004,360.1866667
1995-W05,256.077381,9.072619,678.036905,7.463095,31.472727,213.714,1.816143,360.21
1995-W06,270.827381,7.78869,676.633274,6.531646,17.178571,222.286,1.575429,361.0275
1995-W07,227.830303,8.984242,677.519879,5.952121,40.357576,223,1.566167,360.9975
1995-W08,256.02381,5.407143,678.688095,5.182635,33.488095,229,1.805,361.31
1995-W09,246.071429,8.719643,673.540774,3.927329,49.994048,238.2,1.3552,362.275
1995-W10,255.196429,9.8875,678.141012,7.730357,23.535714,234,1.133,361.395
1995-W11,193.065476,5.491667,681.239643,9.809524,16.938272,259.801,1.371945,360.7575
1995-W12,199.77381,4.425,680.678452,8.730952,23.869048,259.801,1.371945,362.315
1995-W13,195.517857,3.225595,678.88125,6.824405,27.452381,264,1.1445,363.4775
1995-W14,188.452381,4.055952,679.156488,8.694048,26.011905,256.714,1.376,363.4466667
1995-W15,195.035714,5.180952,680.221429,8.088095,40.22619,247.8,1.1334,363.2125
1995-W16,210.233533,5.676048,679.459461,7.708383,22.988024,273.571,1.343143,362.6433333
1995-W17,235.214286,11.935714,675.078512,6.69881,38.904192,278,1.0752,363.7525
1995-W18,253.880952,6.122619,680.77006,9.083333,51.065476,254.8,1.1706,362.3525
1995-W19,155.178571,6.610119,680.236488,9.38869,22.541667,281.429,1.203429,363.4325
1995-W20,190.428571,4.124405,679.8025,9.173214,22.970238,281.429,1.060571,364.4
1995-W21,234.660714,2.561905,679.952143,6.614286,51.690476,281.5,1.163167,364.0825
1995-W22,136.14881,5.501786,680.840476,10.217857,21.654762,280.571,1.212429,364.705
1995-W23,161.625,4.676786,681.640238,10.6875,20.446429,278.857,1.162429,363.9175
1995-W24,170.654762,5.049405,681.782917,11.203571,15.333333,271.571,1.048143,363.2966667
1995-W25,151.863095,2.992262,680.935238,10.08869,32.299401,263.333,1.120333,362.88
1995-W26,134.053571,3.110119,679.981726,11.065476,35.494048,268.143,1.411571,362.645
1995-W27,188.910714,2.960119,680.866905,9.57381,33.472222,263.857,1.394571,362.1925
1995-W28,141.779762,3.389286,680.169583,9.695833,34.375,255.714,1.264571,362.09
1995-W29,161.464286,3.681548,680.720298,9.566667,44.357143,254,1.436143,360.7175
1995-W30,142.821429,5.6125,681.154464,10.55119,30.755952,255.857,1.508143,361.3575
1995-W31,159.255952,4.094048,680.838631,9.16369,42.63253,258.286,1.150429,359.565
1995-W32,146.636905,4.972024,680.756012,9.094643,37.922619,264.167,1.206333,359.185
1995-W33,152.922619,3.270238,679.382738,8.805357,25.107143,261.286,1.267,358.105
1995-W34,157.25,3.725,680.732619,9.627381,35.64881,256.857,1.294857,358.995
1995-W35,165.053571,3.03631,680.328095,9.571429,33.178571,254,1.442571,356.53
1995-W36,167.988095,2.65119,680.654345,9.72381,30.154762,257.143,1.441857,359.0175
1995-W37,220.14881,2.516667,680.867976,10.539286,31.982143,253.429,1.362,358.415
1995-W38,115.910714,3.546429,680.911786,11.392262,17.215278,260,1.381286,358.325
1995-W39,150.857143,5.580952,681.810833,9.696429,33.916667,253.714,1.675857,357.235
1995-W40,220.89881,2.508333,680.046726,8.18631,40.267857,251.429,1.477857,357.9325
1995-W41,156.005952,3.52619,680.761548,10.652381,24.221557,250.143,1.561857,357.7825
1995-W42,124.107143,6.68869,680.826726,9.844048,18.904762,251.857,1.412,358.0575
1995-W43,194.369048,4.856548,679.203631,7.442262,24.857143,257.833,1.649333,358.535
1995-W44,205.821429,3.989286,680.106071,6.425,60.994048,258.333,1.792,359.5675
1995-W45,194.879195,3.538255,680.124933,6.520134,64.677852,266,1.818286,359.535
1995-W46,182.797619,2.701786,680.96881,6.55119,51.64881,248.714,1.586286,359.9725
1995-W47,172.416667,2.821429,679.960179,8.122619,35.14881,246,1.455,359.87
1995-W48,165.22619,4.690476,679.425357,7.143452,43.095238,244.25,1.79525,360.295
1995-W49,206.571429,3.182738,680.491071,7.754167,41.75,237.4,1.4286,360.4675
1995-W50,152.732143,4.316667,682.771845,8.3875,25.511905,226.5,1.473833,360.8675
1995-W51,177.904762,3.758929,680.959821,7.21131,22.529762,237.857,1.597,361.31625
1995-W52,192.136905,5.677976,679.563393,6.029762,31.071429,247.667,1.571,361.765
1996-W01,231.755952,4.425595,677.910595,5.78869,46.781818,244,1.5685,362.21375
1996-W02,199.083333,3.016667,678.368929,5.171429,39.574194,241.167,1.561333,362.6625
1996-W03,156.452229,6.928025,680.016688,6.72293,43.089744,239.5,1.9185,362.5925
1996-W04,200.458333,4.339881,677.73,4.509524,64.915584,245.333,1.412667,362.5
1996-W05,235.934524,9.18869,675.613036,5.602381,42.232143,247.714,1.616143,362.4075
1996-W06,196.619048,4.796429,679.623155,7.489759,28.922156,238.429,1.448571,362.91
1996-W07,274.910714,6.517262,677.329345,5.444643,40.14881,242.8,1.2368,362.5325
1996-W08,188.827381,6.346429,676.881845,3.480357,73.449367,269,1.669,364.14
1996-W09,228.613095,5.267857,675.972619,4.013772,63.712575,263.4,1.5972,364.59
1996-W10,239.428571,9.138095,675.72494,5.087952,38.861111,263.25,1.11375,364.105
1996-W11,156.238095,4.347619,681.479464,5.947024,32.603659,268,1.146,363.4175
1996-W12,214.232143,6.596429,676.815655,6.445238,18.946429,279,1.0975,365.1125
1996-W13,230.869048,6.553571,676.245357,4.406918,41.160256,266.667,1.220667,369.055
1996-W14,220.327381,3.017262,679.836905,6.542857,58.314103,272.714,1.467857,363.3725
1996-W15,187.154762,3.466667,680.898988,8.252976,22.535484,273,1.129,365.2275
1996-W16,168.97619,4.553571,681.657262,9.382143,31.502994,269.75,1.323,364.515
1996-W17,131.160714,5.714286,680.409702,9.619048,18.811189,276.429,1.309857,365.405
1996-W18,240.517857,10.518452,677.113274,8.814881,19.824242,280,1.3555,364.885
1996-W19,235.17757,6.94486,679.64757,9.548598,41.656863,289.833,1.217333,366.02
1996-W20,162.065476,5.072619,683.354643,10.729762,36.857143,272.571,1.425714,365.8175
1996-W21,166.27381,4.645238,683.01,10.682738,32.179641,268,1.343571,365.3775
1996-W22,125.880952,6.531548,681.242083,9.418452,20.814371,280.286,1.471,364.8775
1996-W23,164.619048,4.8375,680.800179,10.259524,30.182927,269.5,1.199,365.6325
1996-W24,163.831169,2.565584,681.363442,6.422917,76.625,271,1.29425,365.375
1996-W25,140.934211,3.256579,680.291282,6.551852,46.48855,290.429,1.191714,365.4475
1996-W26,205.845238,4.155952,682.408988,8.077381,56.76875,269.857,1.178714,364.79
1996-W27,135.357143,5.124405,680.51131,8.497619,40.727273,273.714,1.161571,364.5325
1996-W28,167.047619,4.110119,680.998274,8.155357,38.109756,270,1.742,363.895
1996-W29,151.130952,3.422024,679.836905,8.182143,39.855072,272,1.1185,363.595
1996-W30,182.45082,2.606557,681.917705,7.566071,58.453782,257,1.215,363.21
1996-W31,178.673611,2.880556,681.958958,9.347619,42.080292,260.286,1.490143,361.04
1996-W32,138.208333,4.955952,680.933095,9.389286,36.08982,265.429,1.196571,362.1825
1996-W33,136.416667,6.660714,680.782976,9.233929,34.339286,260.714,1.281,361.64
1996-W34,179.416667,4.222619,681.680952,7.497619,52.654762,260,1.276333,361.09
1996-W35,118.708333,4.424405,680.13625,9.76369,33.131737,257.857,1.338571,361.2275
1996-W36,217.125,2.586905,679.233512,6.897024,65.865772,254.167,1.560833,359.2775
1996-W37,142.25,4.191071,680.129881,9.858929,35.78882,259.857,1.440857,359.515
1996-W38,180.526946,3.402994,680.418274,8.54881,42.180124,254.667,1.29,358.54
1996-W39,235.071429,2.20119,680.476369,9.560714,42.898204,254.429,1.367857,358.435
1996-W40,124.892857,2.65,681.520595,9.4125,36.706587,249.143,1.347429,359.5775
1996-W41,135.309524,5.871429,680.668036,8.788095,23.529762,255.571,1.365,359.1925
1996-W42,191.180328,3.968852,680.212377,6.285714,57.531532,261.4,1.862,359.8925
1996-W43,161.14966,5.071429,680.142245,7.816071,35.85034,252,1.1716,359.505
1996-W44,162.470238,3.011905,679.098929,7.409524,48.808219,245,1.468143,360.505
1996-W45,202.845238,3.318452,678.608155,7.146429,66.16875,240.833,1.536667,360.6175
1996-W46,207.190476,3.045238,677.590417,6.972619,67.857143,237.6,1.535,361.045
1996-W47,202.428571,3.129167,679.253869,5.572024,59.165644,243.2,1.4606,361.5075
1996-W48,165.303571,7.457143,680.83244,6.120833,33.920732,236,1.5064,361.295
1996-W49,148.64881,6.078571,679.119286,4.661905,28.900662,245.571,1.581714,362.0175
1996-W50,189.107143,5.177976,677.875714,5.390184,33.142857,248.6,1.4694,362.2475
1996-W51,223.904762,5.091071,676.063393,5.69321,33.92638,232.667,1.475667,362.5375
1996-W52,233.678571,12.185119,675.213452,5.567262,68.821429,221.667,1.388667,362.345
1997-W01,227.869048,10.67619,676.913512,7.51131,39,231.333,1.591833,362.8475
1997-W02,223.22619,4.085119,678.702917,5.181366,25.339286,226.143,1.528429,364.1325
1997-W03,249.714286,7.228571,678.148155,6.9625,16.581818,220.2,1.3392,363.285
1997-W04,251.238095,11.035119,675.64369,4.521795,42.386905,224,1.47225,363.9825
1997-W05,162.589286,3.82381,680.206548,7.475595,34.195122,226.6,1.2872,363.5025
1997-W06,165.946429,3.864881,680.037917,7.38631,20.02994,239.429,1.468429,363.82
1997-W07,140.261905,6.757143,678.782798,4.1875,33.8,246.167,1.39,364.2425
1997-W08,174.017857,4.558929,678.462917,5.031928,30.807229,238.833,1.5,364.9825
1997-W09,182,5.097887,674.381338,3.24065,62.192593,266.333,1.574667,364.03
1997-W10,150.017857,5.727381,678.094405,4.262048,43.921212,242,1.118,364.7175
1997-W11,210.089286,3.986905,677.76869,5.274405,67.351852,259.494,1.373426,364.3825
1997-W12,221.642857,6.439286,678.448274,4.033333,64.650307,259.494,1.373426,365.29
1997-W13,156.892857,4.378571,678.481369,3.616456,79.793939,259.494,1.373426,365.6625
1997-W14,208.915663,3.360843,678.655422,4.819868,41.975904,259.494,1.373426,365.755
1997-W15,172.90411,2.350685,677.477297,4.323288,52.446043,259.494,1.373426,367.54
1997-W16,160.478788,2.608485,680.44125,6.611905,52.525641,259.494,1.373426,367.68
1997-W17,142.214286,3.6625,680.820655,8.299405,32.054545,259.494,1.373426,367.08
1997-W18,142.952381,4.764881,679.583095,9.216667,21.809524,259.494,1.373426,366.5475
1997-W19,262.114458,5.746988,678.249643,6.001205,46.192771,259.494,1.373426,367.5
1997-W20,264.619048,5.607738,677.444345,5.795238,55.15625,259.494,1.373426,366.9233333
1997-W21,236.684524,9.639286,677.357381,7.70119,42.437126,266.5,1.17125,377.202
1997-W22,255.208333,5.222619,681.047738,10.320833,42.719512,263.167,1.206333,366.22
1997-W23,116.409722,7.241667,681.80869,10.65119,32.636364,273.571,1.266429,365.474
1997-W24,123.220238,7.027381,680.73994,8.382738,28.309524,276.714,1.059,371.348
1997-W25,112.64881,7.184524,680.052202,8.42381,39.190476,275,1.474714,373.108
1997-W26,134.005952,4.970833,679.908869,7.050595,71.275449,262.5,1.399333,365.46
1997-W27,147.607143,3.272619,679.512262,7.601786,39.208333,264,1.471,364.668
1997-W28,137.863095,7.16369,680.900179,8.003571,55.982036,264.571,1.464857,364.5875
1997-W29,145.39881,5.790476,679.714821,9.582143,32.419162,265.286,1.431857,363.355
1997-W30,195.904762,3.775,680.731369,9.745833,34.053892,263.571,1.290143,363.895
1997-W31,157.125,4.744444,682.102515,10.297619,54.584416,258.667,1.2895,363.25
1997-W32,144.87218,3.657895,681.468209,9.734074,33.571429,258.143,1.321286,363.385
1997-W33,215.40625,2.15,680.611042,7.065625,46.010417,266.4,1.1706,362.83
1997-W34,179.554871,4.640172,680.48478,7.172571,38.348667,253.2,1.5936,362.01
1997-W35,179.554871,4.640172,680.48478,7.172571,38.348667,253.429,1.455286,361.2125
1997-W36,179.554871,4.640172,680.48478,7.172571,38.348667,249,1.4102,360.6075
1997-W37,179.554871,4.640172,680.48478,7.172571,38.348667,257.5,1.353833,360.9
1997-W38,211.89726,2.687671,680.135,7.384354,47.638889,261.167,1.264167,360.3675
1997-W39,178.993976,3.418675,682.318554,7.608434,52.483221,253.333,1.38,359.835
1997-W40,127.202381,6.057143,680.845,9.550595,20.946429,250.857,1.346143,361.47
1997-W41,194.047619,3.289881,681.182381,7.270238,60.821429,248.333,1.513333,361.0225
1997-W42,137.196429,4.0375,681.257024,7.73869,28.821429,256.167,1.420333,361.005
1997-W43,161.077381,4.347619,679.998333,8.61131,19.789157,259.2,1.1688,360.9475
1997-W44,216.515152,4.187879,679.921369,7.005357,43.266667,254.833,1.349833,361.8325
1997-W45,232.244048,3.670833,682.062798,7.70119,58.876923,248,1.545167,362.2125
1997-W46,151.809524,2.716071,681.233375,6.700595,45.666667,257.714,1.491857,362.4725
1997-W47,215.533333,5.510909,678.22869,5.133929,53.553571,254.4,1.5792,363.5275
1997-W48,206.337423,2.868712,680.171548,5.146429,36.407407,253.833,1.548833,363.255
1997-W49,149.035928,6.436527,679.510952,6.217262,15.285714,243.143,1.594286,364.05
1997-W50,222.081761,4.249057,680.54875,6.552976,14.779762,253.571,1.538571,364.195
1997-W51,177.343373,4.009036,681.332321,7.195238,12.686747,252,1.552429,364.2025
1997-W52,156.89697,3.354545,679.784485,6.311515,16.889571,240.429,1.717286,364.565
1998-W01,239.201299,4.152597,678.073974,5.567974,21.437086,230.286,1.636571,364.9275
1998-W02,259.602837,7.368085,677.238523,5.83617,21.170068,229.714,1.487143,369.4125
1998-W03,187.767857,3.077381,681.693214,8.682143,13.668675,229.25,1.42925,365.55
1998-W04,179.730301,4.632817,680.481878,7.169939,38.252137,229.5,1.866333,365.38
1998-W05,283.186667,6.010667,681.637273,9.385859,9.163265,227.571,1.496429,366.075
1998-W06,242.436364,4.641818,681.397576,6.147531,20.044304,233.286,1.460857,366.2175
1998-W07,224.769697,2.477576,683.068869,10.130357,20.293413,239.286,1.436,365.8725
1998-W08,207.674419,2.44186,683.624341,8.937984,16.476562,246.429,1.523286,366.255
1998-W09,212.489933,3.243624,679.935235,6.153741,27.522727,259,1.453714,366.43
1998-W10,202.841463,2.937805,679.518869,6.492857,31.238095,256.857,1.407143,367.3
1998-W11,131.057143,2.211268,681.987909,7.87027,25.247706,249.857,1.360714,366.4475
1998-W12,191.105263,4.124812,680.207218,8.383459,25.992424,259.286,1.339571,368.105
1998-W13,159.758333,6.920833,682.405793,7.923944,15.178862,284.6,1.0682,368.0425
1998-W14,128.732283,9.287402,682.094354,5.508163,20.340278,284.2,1.0534,368.435
1998-W15,176.697987,5.210067,680.966376,5.8125,29.493151,281.571,1.315714,368.6
1998-W16,166.869048,5.580357,681.145,7.238095,14.351515,281,1.180667,368.655
1998-W17,224.333333,2.42619,681.047738,8.160119,31.832298,265,1.349,369.03
1998-W18,238.881988,2.818634,679.952738,8.473214,20.566265,266.714,1.316429,369.7425
1998-W19,204.047619,2.432143,681.470893,10.292262,20.084848,278.714,1.363143,369.4025
1998-W20,196.654762,2.81369,680.490119,7.532143,29.440476,283.833,1.409667,368.83
1998-W21,207.261905,3.795238,680.866548,5.933333,46.850299,286.571,1.499,369.7325
1998-W22,153.785714,3.149405,681.409226,9.179762,23.638037,271.286,1.482,369.945
1998-W23,144.712575,2.118563,680.920238,8.133333,41.642857,304.857,1.364286,370
1998-W24,152.065476,5.647619,682.367917,11.058333,26.724551,278.143,1.316714,368.5025
1998-W25,139.934524,2.110714,681.089107,9.027381,28.095238,273.333,1.086833,368.645
1998-W26,135.136905,4.891071,681.776845,12.75119,13.458333,267.6,1.4182,368.8275
1998-W27,142.878205,3.38141,682.56756,8.621429,37.821429,268.571,1.322429,368.18
1998-W28,128.558282,5.874847,682.104524,9.7875,24,272,1.176143,368.7375
1998-W29,130.892857,3.811905,682.18256,10.161905,24.071429,267.857,1.223429,373.7875
1998-W30,137.880952,5.808333,681.915298,8.560714,39.904762,275.714,1.315571,365.7325
1998-W31,153.886905,3.131548,681.532202,8.727381,31.869281,267.667,1.222667,367.1475
1998-W32,155.5,3.197024,681.754345,8.860119,36.554217,262.143,1.298429,366.55
1998-W33,198.654762,2.535714,681.252738,6.706548,54,264.429,1.318429,366.31
1998-W34,188.017857,2.992857,681.993274,8.329762,50.628743,261.5,1.446,364.705
1998-W35,154.419162,3.343713,680.971071,9.670833,30.709091,258.75,1.03225,362.4775
1998-W36,127.065868,4.227545,681.14244,8.805357,37.957317,267.571,1.338714,365.0125
1998-W37,118.339286,3.139286,680.57125,9.120833,35.946429,265.2,1.3076,364.8625
1998-W38,175.042683,2.757317,680.451429,8.41369,32.608434,265.143,1.355143,363.8125
1998-W39,216.809524,3.107738,680.694881,8.070238,42.267857,259.714,1.743429,364.3425
1998-W40,185.09396,2.599329,681.173274,8.195833,38.547619,261.5,1.3165,363.9875
1998-W41,169.423729,4.215254,681.067986,9.767262,26.535714,253.429,1.534286,364.09
1998-W42,167.090164,3.659836,680.51965,5.004895,68.049296,260.5,1.6145,364.3475
1998-W43,189.761905,3.570833,681.972976,7.992857,43.243902,251.143,1.420429,364.85
1998-W44,137.125,6.438095,681.417738,8.991071,15.866667,250,1.419714,364.42
1998-W45,171.353293,3.357485,680.891198,7.920958,32.54491,247.6,1.305,365.33
1998-W46,156.755952,4.458333,680.074643,6.841667,53.482143,245,1.568571,365.73
1998-W47,142.490323,5.338065,680.186548,4.735119,71.154762,242.5,1.448,366.2675
1998-W48,139.5,5.140741,682.138214,8.165476,19.688623,248,1.640286,366.1975
1998-W49,155.596273,8.483851,680.981429,5.318452,30.244048,245,1.3826,367.705
1998-W50,175.431138,5.398802,681.98119,7.999405,27.08982,236.333,1.66,367.69
1998-W51,208.783217,3.711888,679.784107,6.49881,31.502994,234.286,1.545,367.975
1998-W52,152.237762,3.53986,679.568036,5.584524,29.367089,238.429,1.753571,367.875
1998-W53,251.353659,3.167073,679.023095,4.259146,40.71875,224.571,1.714286,368.245
1999-W01,210.425926,3.421605,678.15369,4.452381,53.863095,223.833,1.743333,369.075
1999-W02,137.950617,5.714198,681.140774,6.153293,31.401198,232.75,1.37575,368.315
1999-W03,181.642857,5.740909,680.247078,6.412987,33.058442,235.833,1.754,368.255
1999-W04,179.503234,4.608208,676.817143,2.353488,37.968511,250.667,1.447,369.5475
1999-W05,179.503234,4.608208,678.126083,1.611458,65.32,242.5,1.6555,368.9875
1999-W06,179.503234,4.608208,679.421824,5.055882,35.171233,230.714,1.489143,369.33
1999-W07,179.503234,4.608208,680.756667,4.322892,51.664634,228.6,1.478,368.485
1999-W08,177.985507,2.381159,680.164653,4.552083,54.543478,235.667,1.574667,368.8125
1999-W09,206.551724,2.913103,678.23619,4.628144,37.428571,242.333,1.3265,367.9
1999-W10,155.647482,4.396403,679.125893,6.202976,38.898089,245.167,1.272833,370.62
1999-W11,138.961165,4.278641,678.53616,4.136667,33.957895,254.2,1.1668,369.9325
1999-W12,142.037313,5.637313,679.212024,4.638312,50.907801,286.833,1.215333,370.3375
1999-W13,158.716867,3.495181,679.212619,4.390845,37.8,287.2,1.0556,371.1825
1999-W14,180.446429,3.5375,679.03756,4.183007,49.378882,289.6,1.061,371.85
1999-W15,218.042945,3.379141,678.607976,4.170492,50.617284,289.857,1.429143,371.36
1999-W16,164.666667,3.658,679.886429,6.037975,35.640244,277.333,1.2465,369.635
1999-W17,177.962264,3.193711,679.889405,5.908537,37.27381,281.2,1.0546,370.745
1999-W18,104.380952,3.596429,680.717619,9.174405,23.6,271.333,1.1955,371.7725
1999-W19,196.817073,2.29878,679.806548,6.777381,43.470968,282.2,1.0176,371.185
1999-W20,180.69375,3.623125,680.276845,6.983333,47.539394,272.667,1.241,370.7075
1999-W21,154.510204,5.891156,680.580536,7.918452,24.988095,281.6,1.0466,370.7
1999-W22,187.160714,2.989881,680.669226,6.927976,46.724551,271,1.366667,371.8
1999-W23,190.403846,2.344231,681.31065,8.71068,38.495146,276.857,1.097143,370.325
1999-W24,103.011905,5.053571,681.755595,10.732143,22.084507,267.571,1.079571,370.5675
1999-W25,140.422222,3.598519,680.04637,10.014074,22.386364,269,1.089857,370.35
1999-W26,150.214286,3.690476,679.976488,8.640476,19.017964,274.333,1.174333,368.785
1999-W27,145.152439,6.162805,680.71375,9.679762,17.982036,265.667,1.082667,370.785
1999-W28,125.386905,4.378571,680.306429,9.88631,17.261905,266.714,1.336714,370.4025
1999-W29,176.814371,3.851497,680.91244,8.867857,38.487342,262.143,1.096857,368.4425
1999-W30,163.363095,4.2625,681.034405,8.960119,32.530488,261.143,1.199,368.18125
1999-W31,144.863095,6.03631,681.587679,8.564286,48.107143,261.714,1.207429,367.92
1999-W32,195.369048,3.722619,680.498036,9.432143,34.506494,263.429,1.288429,394.5425
1999-W33,132.694611,4.892216,682.43125,8.83869,43.527607,263.143,1.362714,366.1725
1999-W34,119.071429,5.610119,680.614405,9.313095,21.49697,266,1.301143,366.6925
1999-W35,181.752,6.2808,680.057202,6.26747,57.012422,272.25,1.17225,362.975
1999-W36,207.76506,2.955422,680.020357,8.688095,33.230303,263.5,1.358833,364.4675
1999-W37,160.654762,2.714286,679.879643,8.016071,37.107784,262.857,1.349571,365.43
1999-W38,162.176471,4.38366,680.609881,8.980357,29.327381,263.429,1.347714,364.9325
1999-W39,189.309524,3.291667,679.830655,7.78869,32.248485,255.714,1.374714,364.9075
1999-W40,144.869048,4.957143,680.740536,9.004167,24.720238,258,1.37,365.62
1999-W41,129.186335,4.095031,680.065774,8.809524,26.113095,259.333,1.4145,365.41
1999-W42,166.059524,2.87381,679.934821,6.83631,65.152866,255.5,1.502333,366.23
1999-W43,133.119048,6.658333,681.355298,8.045833,27.89375,261.8,1.2354,365.8925
1999-W44,184.537879,4.069697,680.332738,7.102976,42.777108,250.75,1.2765,366.265
1999-W45,109.86014,3.991608,680.191369,7.717262,21.351515,254.667,1.4945,367.6425
1999-W46,116.738462,3.601538,680.330595,6.914286,31.946429,257,1.401333,366.77
1999-W47,139.113043,6.362609,679.529762,4.974405,33.321212,255.75,1.4135,367.385
1999-W48,136.821429,7.249107,680.407738,3.953939,60.838028,266.5,1.45675,368.2675
1999-W49,142.142857,8.023129,678.850268,4.606081,62.391892,254.5,1.5135,368.565
1999-W50,178.101796,3.248503,679.179405,4.7625,53.237705,246.75,1.5285,368.0825
1999-W51,196.291925,2.259627,678.975417,5.568862,53.092593,242.667,1.369667,368.4175
1999-W52,253.574803,7.744094,675.553788,5.602273,27.037879,259.453,1.373181,369.59
2000-W01,151.66055,6.175229,680.302685,4.460163,31.801653,262.667,1.594,369.18
2000-W02,200.163522,3.301258,677.626071,3.343949,66.212329,254,1.591167,369.105
2000-W03,223.652778,2.629167,675.772857,2.195455,48.080537,266,1.944,370.8975
2000-W04,145.068027,5.953061,679.075714,5.193103,32.566434,253.25,1.3025,370.5175
2000-W05,184.971831,2.521831,680.387619,4.731098,39.157895,259.451,1.37396,369.615
2000-W06,165.479042,2.704192,680.432934,5.612575,33.730539,259.451,1.37396,370.545
2000-W07,191.487654,5.241975,680.944405,5.051786,38.942308,262.5,1.440833,370.075
2000-W08,140.460606,8.918788,681.819345,7.944048,14,268.429,1.511,370.42
2000-W09,141.803571,7.858929,681.203929,7.420833,15.964286,263.286,1.379143,371.1725
2000-W10,222.559524,3.638095,680.357619,5.226087,37.52381,264,1.395714,369.7775
2000-W11,136.54491,7.925749,679.964107,5.540252,28.801282,270.4,1.096,371.3
2000-W12,127.787402,7.495276,678.615638,4.446667,20.109091,287.8,1.0764,370.96
2000-W13,171.54717,4.742767,678.591607,4.369048,41.954545,268.833,1.476333,371.7275
2000-W14,199.448052,6.153247,678.478333,5.957143,17.856209,276.2,1.0598,371.6066667
2000-W15,189.2625,4.775,680.713214,6.796429,20.857143,289.143,1.340429,372.9625
2000-W16,152.875,5.51369,680.568095,7.931902,16.962963,293.2,1.1194,372.1475
2000-W17,172.736527,4.381437,680.270417,7.4375,29.053571,283.143,1.402857,372.15
2000-W18,129.333333,5.545833,681.839405,8.932143,32.748503,275,1.336286,371.285
2000-W19,200.357143,4.155952,680.617917,8.414286,26.856287,279.571,1.354571,372.27
2000-W20,167.208333,3.730357,682.04269,8.444828,32.408451,280.167,1.431833,371.54
2000-W21,92.863095,5.566071,679.432202,8.129167,28.786585,278,1.0354,371.7975
2000-W22,82.630952,3.292262,679.823333,9.335714,25.952096,269.333,1.192333,372.31
2000-W23,128.220238,5.019048,680.983036,9.757143,23.439024,274.4,1.0308,372.1875
2000-W24,116.244048,4.2,680.731667,8.510119,34.482517,270.333,1.115167,371.4275
2000-W25,134.238095,4.170833,679.241391,9.495395,27.531915,271.2,1.07,370.9275
2000-W26,203.380952,2.810714,679.27,6.822034,56.72549,268.333,1.739833,371.39
2000-W27,201.571429,3.700595,679.195701,7.713889,53.60396,271.75,1.0925,370.2375
2000-W28,218.375,3.020833,681.233248,9.231933,49.876106,253.833,1.1325,370.4625
2000-W29,178.529762,3.220833,681.51875,8.614881,44.224359,265,1.380857,370.075
2000-W30,138.47619,6.915476,680.758929,7.67381,42.277108,269.429,1.363,368.86
2000-W31,192.589286,3.36131,680.768869,7.751786,46.744526,266.4,1.1298,368.8875
2000-W32,135.517857,4.471429,680.835536,9.066667,31.254902,263.6,1.0826,368.3375
2000-W33,148.416667,4.500595,680.575714,9.181548,32.861314,267.8,1.0796,368.2975
2000-W34,164.136905,3.908929,680.484405,7.511905,52.791411,260.6,1.1174,367.4625
2000-W35,216.386905,1.897024,679.835655,7.253571,75.912409,250.75,1.246,367.555
2000-W36,222.761905,2.543452,680.143415,7.30122,78.87013,252.667,1.725333,367.1875
2000-W37,123.77381,3.727381,681.149793,9.564138,40.041667,253,1.394714,366.06
2000-W38,144.255952,3.006548,679.648155,8.404762,31.071429,258.429,1.352,366.99
2000-W39,194.164384,2.376712,680.325417,7.735714,52.029762,254.857,1.340286,365.19
2000-W40,140.190476,3.50119,679.672381,8.67381,28.185629,255.2,1.1078,366.6033333
2000-W41,175.178571,4.826786,680.100893,7.009524,41.029762,261.8,1.3928,367.1375
2000-W42,176.279762,4.563095,680.694048,7.579167,47.72619,249.286,1.429143,367.505
2000-W43,201.791667,2.961905,679.40875,4.619643,76.487179,253,1.472,367.8725
2000-W44,200.553571,4.369643,680.32744,5.78631,83.018182,246.25,1.4665,368.1516667
2000-W45,178.011905,2.547024,678.646488,3.830675,65.216049,252.667,1.6815,368.4308333
2000-W46,124.994048,5.27619,679.225417,4.51131,47.918239,253.286,1.523,368.71
2000-W47,151.285714,5.56131,680.336548,6.199394,16.179641,252.667,1.6455,368.5275
2000-W48,186.946429,3.327976,680.340952,5.692771,36.215569,249.429,1.520143,369.02
2000-W49,158.339286,3.411905,679.195417,5.258182,30.598802,246.143,1.567429,369.4
2000-W50,156.327381,4.969643,680.285893,6.42619,38.952381,239.429,1.611286,369.78
2000-W51,155.375,4.098214,680.500476,6.474405,22.025157,226.143,1.561286,369.895
2000-W52,212.970238,3.042262,679.178095,6.501786,31.946429,239.143,1.772286,370.3575
2001-W01,195.720238,4.654762,679.852381,8.030952,36.208333,239.857,1.726,370.4025
2001-W02,167.684524,5.14881,681.290298,6.277976,36.755952,248,1.463,370.49
2001-W03,146.404762,5.22381,681.167381,6.569048,17.883436,245.833,1.553,371.02
2001-W04,156.202381,5.111905,681.057605,5.16478,15.740964,252.571,1.500571,371.845
2001-W05,150.75,5.019048,679.279762,5.217284,24.277108,258.857,1.480143,371.1325
2001-W06,193.922619,5.944048,675.467534,3.243448,49.814286,253.75,1.25875,370.6
2001-W07,147.428571,3.885714,678.528988,3.163804,67.757764,254.167,1.654,372.625
2001-W08,203.404762,2.561905,679.323241,5.343,39.509615,246.333,1.440167,372.1275
2001-W09,133.833333,3.795833,680.749662,6.741892,27.006803,254.571,1.392143,372.035
2001-W10,146.511905,4.666667,679.147917,4.308442,24.744048,279.714,1.369857,373.0075
2001-W11,119.22619,4.727976,679.829286,5.074251,18.193939,268,1.350714,373.0725
2001-W12,223.404762,4.4375,677.075793,4.569343,35.363636,261.8,1.1016,373.385
2001-W13,185.845238,2.955952,680.184132,5.034711,54.663866,261.4,1.1392,364.405
2001-W14,222.809524,3.030952,680.35256,5.198214,45.980892,279,1.345714,372.76
2001-W15,191.964286,4.020833,679.877798,5.003571,37.191617,281.429,1.433286,375.2675
2001-W16,229.541667,2.424405,680.277679,6.010714,31.184524,283.143,1.336857,374.16
2001-W17,177.928571,3.321429,680.475357,6.402454,34.839286,280.833,1.226667,373.36
2001-W18,187.72619,2.329167,680.055,6.731548,35.708333,284,1.331571,374.7325
2001-W19,180.970238,2.922024,679.703036,7.771429,25.714286,287.286,1.297857,374.45
2001-W20,169.095238,2.7125,680.625306,4.778082,57.901515,292.714,1.426714,373.15
2001-W21,115.389222,4.277246,681.749408,8.550327,36.842466,281.143,1.304,374.4625
2001-W22,204.446429,2.364286,680.336371,5.7904,57.990196,281,1.526571,374.8875
2001-W23,196.97619,3.575595,680.48311,4.754878,67.256757,284.833,1.4705,374.355
2001-W24,154.238095,3.754762,680.820611,9.310687,40.223077,273.333,1.229833,373.3625
2001-W25,146.440476,3.581548,680.076711,9.171812,21.791946,272.2,1.0254,373.5825
2001-W26,194.48125,3.163125,680.938017,8.00146,50.911111,279.4,1.039,373.43
2001-W27,123.85119,4.490476,681.829231,11.113462,29.115385,261.286,1.228143,372.9625
2001-W28,160.52381,2.874405,681.018768,8.905634,38.313433,274.714,1.270714,371.31
2001-W29,134.684524,5.427381,681.232824,10.29084,28.023256,268,1.165286,369.745
2001-W30,184.690476,2.883929,680.248922,8.04902,48.064103,270,1.263,370.565
2001-W31,139.446429,4.279762,681.701053,9.159649,33.589286,276.143,1.414714,370.5275
2001-W32,159.369048,4.439286,681.750414,9.466207,38.625,273.429,1.186,369.9775
2001-W33,180.541667,5.930357,681.728961,8.842208,45.616883,269,1.248167,369.7
2001-W34,127.136905,3.592262,681.402619,9.532738,39.462963,265.286,1.228143,369.3925
2001-W35,146.89881,6.443452,681.656163,8.313953,48.411765,267.857,1.274143,369.105
2001-W36,188.136905,2.651786,680.361169,6.895455,69.659864,260,1.468167,368.4475
2001-W37,171.910714,3.480952,681.548904,9.261644,36.335616,267.2,1.0854,369.0875
2001-W38,159.946429,3.331548,680.533154,7.961745,46.892617,264,1.12,367.56
2001-W39,123.952381,3.955357,681.248929,10.122619,30.785714,259,1.338857,367.805
2001-W40,172.005952,4.672619,681.056981,8.346541,38.556962,260.8,1.1284,368.08
2001-W41,169.744048,5.135119,680.602976,8.1375,42.18797,248.667,1.409,368.49
2001-W42,266.660714,2.622024,679.406607,8.516071,38.392405,238.286,1.437286,368.4725
2001-W43,216.857143,2.80119,680.141139,6.189241,58.476923,247.333,1.369333,369.1125
2001-W44,152.357143,5.544048,681.181544,8.285235,29.993289,252,1.218,369.31
2001-W45,181.369048,1.742262,681.031488,6.660714,51.869048,239.2,1.448,369.35
2001-W46,195.922619,2.894643,681.582976,7.958929,25.708333,249.167,1.508,370.2725
2001-W47,163.690476,5.81131,682.432083,10.132143,20.75,239,1.66,370.50375
2001-W48,142.577381,8.096429,680.054226,6.779167,59.994048,224.25,1.50475,370.735
2001-W49,151.744048,8.001786,680.153595,7.731373,21.117647,232.5,1.5735,371.1225
2001-W50,135.714286,7.315476,679.150833,4.946575,58.233333,242.667,1.368333,372.3775
2001-W51,142.202381,5.964881,681.063521,6.802817,18.535211,234.429,1.555714,371.2725
2001-W52,232.220238,6.964286,676.988614,9.40198,13.970297,228,1.686167,372.0325
2002-W01,241.720238,6.555952,679.364762,7.691071,20.047619,227.714,1.633429,371.865
2002-W02,225.166667,4.56369,681.522143,8.255952,18.006024,221.2,1.4192,372.05
2002-W03,170.666667,4.628571,678.850833,5.133913,45.071429,229.833,1.438833,372.6875
2002-W04,222.361446,3.724699,678.06717,3.530986,77.503145,230.2,1.515,372.7975
2002-W05,218.470238,3.380952,678.691786,4.861446,71.005952,233.167,1.608333,372.57
2002-W06,170.27381,4.555357,680.152298,5.77875,23.31875,231.571,1.456429,372.475
2002-W07,152.815476,5.185714,677.473562,4.561644,39.178082,236.286,1.503571,373.035
2002-W08,186.954248,4.048366,680.3522,5.221053,21.723684,225.167,1.854667,373.0775
2002-W09,189.434524,4.470238,677.38744,2.893103,46.684524,234.714,1.655143,373.26
2002-W10,202.505952,3.745238,680.308403,4.12987,53.863095,236.714,1.382857,373.5775
2002-W11,191.380952,3.041071,679.723571,3.928,59.666667,246,1.1172,374.3525
2002-W12,172.809524,4.572024,678.758274,5.025904,39.22561,249.333,1.233833,375.005
2002-W13,256.244048,6.198214,679.263452,6.092857,52.790123,253.5,1.254667,374.6725
2002-W14,247.642857,8.968452,679.017639,7.266071,35.840764,252.857,1.353429,373.7525
2002-W15,187.52381,5.041667,681.218571,9.136134,24.220339,246.5,1.208667,374.3925
2002-W16,167.339286,4.282143,679.4525,6.773611,49.347222,269,1.230667,375.2775
2002-W17,205.083333,3.180357,679.686766,6.41497,39.407186,269.333,1.4125,376.205
2002-W18,233.005952,2.03869,678.981548,4.921429,86.891026,272,1.177,376.0325
2002-W19,221.464286,3.577976,679.974286,6.408929,68.64881,266.667,1.163667,374.6825
2002-W20,184.130952,3.478571,681.333929,5.808333,73.832335,274.6,1.4526,374.93
2002-W21,159.297619,2.414286,681.577143,6.76131,63.488095,270.333,1.298667,376.046
2002-W22,110.529762,5.840476,681.591071,10.161905,31.952381,267.143,1.434286,376.2175
2002-W23,124.196429,4.078571,681.107202,9.699405,29.613497,270.714,1.310143,375.9875
2002-W24,175.166667,2.52619,679.989405,7.604167,37.189024,269.714,1.298571,375.615
2002-W25,165.232143,7.882738,681.314464,9.999405,28.125,274.5,1.184333,376.64
2002-W26,152.815476,4.419048,681.87119,10.103571,25.018519,270.286,1.298714,375.19
2002-W27,143.303571,5.565476,682.176845,10.094643,38.982143,269.5,1.1405,374.685
2002-W28,125.47619,5.31369,681.647381,8.527976,43.475,274,1.053857,374.2875
2002-W29,154.238095,5.092262,682.317143,10.148214,33.684848,257.714,1.058857,374.2675
2002-W30,159.285714,3.547619,681.271071,9.844643,29.737179,265.143,1.183714,373.16
2002-W31,143.380952,2.855952,681.999405,10.035119,36.89759,255.286,1.331143,373.595
2002-W32,185.321429,2.9,680.990655,9.8625,35.418182,257.714,1.138571,371.6875
2002-W33,175.142857,2.501786,681.439702,8.336905,57.811688,261.286,1.159286,372.0575
2002-W34,202.660714,2.968452,681.430417,8.48631,43.786164,255.429,1.310286,372.0775
2002-W35,180.482143,3.217857,680.993393,7.684524,51.208633,259.8,1.0842,370.4125
2002-W36,177.083333,2.608929,680.343631,7.641071,52.175573,251.5,1.6725,369.4825
2002-W37,216.577381,2.764286,681.074107,9.667262,38.453988,253.4,1.0598,369.8325
2002-W38,203.72619,2.783333,681.670357,9.625,32.238095,251,1.220833,370.1825
2002-W39,170.60119,2.450595,679.79619,9.874405,30.785714,251.286,1.346,370.55
2002-W40,167.220238,3.833929,679.465952,8.035119,30.986207,247.8,1.1,369.9325
2002-W41,206.672619,2.734524,679.196905,7.26369,28.625,252,1.1304,369.1575
2002-W42,180.261905,3.265476,681.25375,7.904167,65.753333,242.333,1.268333,371.34
2002-W43,143.77381,5.305952,680.61381,8.239881,25.416667,256.333,1.319667,370.57
2002-W44,187.833333,2.62619,680.5875,8.324405,21.208333,251.571,1.464857,372.13
2002-W45,140.02381,5.451786,682.7175,10.182738,18.863095,254.833,1.372333,372.0425
2002-W46,134.39881,4.838095,680.896369,8.702381,20.017857,248.833,1.509667,372.2125
2002-W47,142.75,3.786905,680.869583,8.295238,22.553571,266,1.424833,373.005
2002-W48,229.470238,2.476786,679.227153,8.358333,30.821429,244.571,1.606714,372.86
2002-W49,208.696429,3.302381,680.476012,5.817964,19.970238,238.714,1.537571,373.43
2002-W50,154.446429,4.782143,682.146548,7.00119,28.029762,236.833,1.471333,374.1725
2002-W51,178.172619,2.445238,680.754167,6.139881,27.869048,234.333,1.4855,373.9075
2002-W52,137.428571,5.132143,681.296845,7.460714,18.494048,253,1.4952,374.14
2003-W01,203.369048,4.395238,680.649226,8.875595,10.154762,239.143,1.629429,374.22
2003-W02,251.607143,5.129762,679.137024,6.349405,12.184524,236.286,1.534429,374.3
2003-W03,246.178571,8.331548,677.682262,7.738095,16.970238,224.167,1.454,374.42
2003-W04,239.059524,8.327976,678.019375,7.732335,19.958333,227.25,1.3045,375.8325
2003-W05,198.035714,3.020238,680.003512,6.974405,28.137725,240.714,1.523857,375.4275
2003-W06,257.190476,4.120238,678.478393,7.33631,15.179641,234.429,1.46,375.2075
2003-W07,229.392857,4.666667,678.099167,5.998214,30.095238,245.25,1.26225,375.3275
2003-W08,142.595238,5.969048,678.743768,4.51375,22.5,259.667,1.522833,376.7925
2003-W09,128.261905,4.813095,680.215298,6.42515,21.457317,271,1.387,376.3075
2003-W10,217.369048,5.282738,677.277798,5.660479,36.642857,268.6,1.123,376.655
2003-W11,266.285714,2.970238,681.229762,6.589881,37.327381,256.333,1.2455,377.4425
2003-W12,133.386905,6.147619,682.417083,7.313095,18.160714,266.857,1.339286,376.68
2003-W13,207.922619,3.36369,679.598095,7.873214,43.39881,267.4,1.0638,377.29
2003-W14,211.982143,2.625,679.318452,8.368452,37.27381,279,1.203,377.7275
2003-W15,214.875,2.90119,680.787222,5.131548,63.238095,285.4,1.2116,377.5475
2003-W16,196.577381,3.0125,681.25625,6.005357,33.160714,282.333,1.266333,378.7625
2003-W17,179.297619,2.621429,679.397381,4.714545,45.988095,293.333,1.229167,378.8275
2003-W18,203.535714,3.10119,680.794583,8.317262,29.428571,281.571,1.304714,378.56
2003-W19,190.52381,3.057143,681.839702,8.122619,38.654762,282.286,1.296857,379.325
2003-W20,217.232143,3.421429,680.44744,5.552976,52.119048,295.333,1.34,377.76
2003-W21,179.619048,4.539881,681.932917,8.807143,31.005952,286.714,1.313714,379.735
2003-W22,230.595238,2.750595,682.422857,8.595238,40.392857,271.571,1.308,378.89125
2003-W23,258.166667,4.055357,680.135536,8.7,40.107143,271,1.181,379.1325
2003-W24,149.27381,2.54881,680.931905,8.432934,42.658683,277.571,1.338,378.8925
2003-W25,148.119048,5.042857,682.101905,10.639881,21.914634,270.833,1.058333,378.37875
2003-W26,137.125,3.874405,680.548333,10.422619,24.708333,269.333,1.035167,378.49875
2003-W27,146.64881,2.382738,681.11994,10.197619,27.166667,267.857,1.345286,376.985
2003-W28,145.571429,3.7875,681.114094,9.943452,29.363095,268.857,1.297857,376.1025
2003-W29,144.892857,6.702976,682.648456,9.039597,43.09396,269.571,1.163571,376.6566667
2003-W30,199.797619,3.17381,682.194375,7.695833,64.190476,262.8,1.1604,376.4195833
2003-W31,151.85119,4.469048,681.83869,10.3125,29.440476,268.667,1.178,376.1825
2003-W32,147.39881,2.4125,682.223393,8.952976,54.267857,265.143,1.331286,375.385
2003-W33,172.52381,5.41131,681.681369,10.047024,34.958333,266.143,1.296,375.1625
2003-W34,167.315476,4.517857,682.79575,9.442262,41.321429,269,1.364857,374.6975
2003-W35,161.654762,3.319048,681.179107,9.597619,34.553571,259.143,1.301714,374.29
2003-W36,142.136905,4.872619,681.290694,9.869643,41.958333,266.25,1.04575,373.435
2003-W37,222.458333,2.820833,681.682431,7.694643,43.666667,263.143,1.347571,372.66
2003-W38,258.017857,2.958929,680.229524,9.314881,38.994048,258.8,1.0742,372.64
2003-W39,173.5,3.1,681.254306,10.680952,28.27381,255.143,1.335571,373.4175
2003-W40,183.77381,3.629167,681.589524,9.774405,25.363095,253.286,1.347286,373.4925
2003-W41,146.77381,7.84881,681.259514,11.097024,12.430556,252.833,1.256167,372.9425
2003-W42,153.011905,4.463095,680.91006,8.7,26.589286,254.5,1.14375,372.6
2003-W43,170.922619,2.997024,680.979464,7.741071,52.982143,247,1.198,373.66
2003-W44,182.940476,2.805952,680.740952,8.172619,38.339286,245.857,1.423857,373.3925
2003-W45,131.113095,6.269048,680.867466,10.31369,11.35119,244.333,1.355333,374.92
2003-W46,156.839286,6.67619,681.316319,8.723214,14.535714,243.4,1.4246,375.255
2003-W47,239.315476,3.160714,678.900298,6.328571,26.678571,236.857,1.532571,375.965
2003-W48,237.922619,8.300595,678.509167,6.647024,62.585987,232,1.5,375.305
2003-W49,223.77381,3.256548,680.517976,5.115476,74.488095,237.5,1.465167,375.265
2003-W50,150.880952,8.980952,681.385973,6.254762,26.297619,236.5,1.468667,376.2825
2003-W51,206.607143,5.036905,679.240201,8.388591,14.66443,235.714,1.549857,376.06
2003-W52,153.333333,5.092262,680.1325,7.166467,29.315476,228.5,1.687833,376.6375
2004-W01,202.077381,8.184524,676.228631,5.330488,82.238095,233,1.566,376.57
2004-W02,237.077381,8.847619,679.015893,6.815476,20.672619,219.857,1.535143,376.505
2004-W03,246.892857,7.560119,679.222417,7.629762,17.488095,220.333,1.4505,376.72
2004-W04,225.430556,4.001389,679.735,5.413772,46.833333,220,1.543,377.1175
2004-W05,143.25,4.809524,679.448393,2.711321,60.583333,243.333,1.495,377.69
2004-W06,161.744048,4.103571,679.131548,4.625595,54.952381,230.5,1.458,377.9575
2004-W07,246.166667,4.941071,680.272262,6.854167,34.706587,226.667,1.3505,380.48
2004-W08,194.583333,4.426786,682.145476,9.359524,26.785714,232.571,1.645857,378.1275
2004-W09,213.684524,6.593452,677.283929,7.162252,44.904192,242,1.1532,377.69
2004-W10,168.589286,3.588095,679.1325,6.315476,54.968153,237.5,1.22175,378.3725
2004-W11,202.535714,4.407143,677.602798,3.631098,56.184524,259.167,1.36965,380.74
2004-W12,230.404762,6.936905,676.87624,4.62381,44.491018,259.167,1.36965,380.205
2004-W13,180.083333,3.190476,680.2305,4.314167,82.181034,268,1.977,378.7575
2004-W14,141.25,3.496429,680.733919,5.432432,38.010269,267,1.0556,381.0575
2004-W15,175.017857,2.730952,679.811012,5.335152,38.010269,263,1.158,381.035
2004-W16,111.821429,5.671429,680.509643,4.753614,40.607843,269.667,1.028,380.66
2004-W17,187.60119,2.839881,680.056369,5.416667,55.964286,276,1.334,381.5225
2004-W18,229.672619,4.477976,679.598322,7.160714,43.940476,265,1.2138,380.7775
2004-W19,197.613095,4.703571,679.52119,6.229762,46.755952,285.429,1.322429,381.93
2004-W20,207.160714,5.098214,679.732738,7.545833,62.607143,269.4,1.1018,380.33
2004-W21,197.095238,6.432143,681.572024,7.882143,59.375,267.833,1.393333,379.5525
2004-W22,143.547619,4.070238,680.875833,8.045238,37.886905,278.714,1.290286,381.4225
2004-W23,192.380952,4.672619,681.996071,10.392857,33.375,267,1.432143,380.6925
2004-W24,172.494048,4.360714,680.747381,8.153892,39.607143,276.667,1.397667,380.53
2004-W25,204.97619,2.083929,681.143274,7.932738,51.922619,279,1.213167,380.015
2004-W26,175.309524,2.703571,681.121071,8.922619,40.011905,265.429,1.322,379.535
2004-W27,143.386905,4.169048,682.842679,11.451786,23.208333,266.857,1.322143,379.5
2004-W28,181.312925,2.190476,680.898812,8.4016,46.112,269.833,1.556833,378.815
2004-W29,115.892857,5.87381,680.645119,9.905952,19.541667,267.714,1.294857,376.6425
2004-W30,179.27381,2.932143,681.849797,7.094048,50.416667,269.8,1.076,376.0275
2004-W31,176.255952,4.1,680.687321,9.376786,37.422619,265.571,1.299,376.5025
2004-W32,184.029762,3.197619,681.429107,8.54881,61.27381,257.833,1.431167,377.195
2004-W33,127.041667,5.97381,681.996548,11.032738,22.678571,260.429,1.297714,376.405
2004-W34,146.166667,4.813095,682.688683,9.190419,49.203593,266.667,1.2575,375.6166667
2004-W35,125.744048,5.833333,680.939702,10.77381,25.35119,261,1.296714,374.8125
2004-W36,159.714286,2.63869,680.238512,8.845238,39.714286,258.571,1.307857,374.97
2004-W37,163.363095,3.49881,680.58619,8.697024,40.464286,260.429,1.471429,374.365
2004-W38,138.952381,6.110714,681.318333,8.936905,27.797619,258.286,1.329571,374.4575
2004-W39,152.636905,4.859524,680.287047,7.046429,43.184524,262,1.224333,374.13
2004-W40,231.142857,2.6,680.676845,7.035714,57.029762,258.143,1.428714,374.1075
2004-W41,216.690476,2.86131,680.443036,8.189286,40.845238,265.143,1.362286,374.25
2004-W42,221.607143,3.682738,680.392917,7.879762,43.857143,256.429,1.544571,374.2925
2004-W43,164.821429,3.4625,681.182321,5.997024,58.946429,265.167,1.494333,374.9625
2004-W44,171.488095,3.581548,679.903514,5.742262,69.922619,264.25,1.30525,375.32
2004-W45,195.279762,3.660714,680.668095,7.881548,55.583333,248,1.2842,375.6375
2004-W46,180.125,3.086905,681.762143,7.632143,39.714286,247.667,1.508667,376.2775
2004-W47,188.744048,3.833929,680.026964,5.957143,56.922619,264.6,1.4516,376.9425
2004-W48,200.994048,2.916071,679.612857,5.040476,59.065476,265.5,1.541333,376.9725
2004-W49,160.720238,5.805952,679.607708,6.811905,27.785714,260,1.523571,393.5375
2004-W50,207.02381,6.470238,679.515069,5.279167,41.375,263.143,1.581571,377.5
2004-W51,204.875,4.092857,680.420347,6.897619,20.702381,231.667,1.472667,377.47
2004-W52,210.636905,2.242857,678.551786,7.217857,40.35119,250.857,1.631571,377.8775
2004-W53,214.166667,6.143452,677.310972,5.707738,51.5,267.5,1.394,378.03
2005-W01,234.660714,10.266071,676.935,5.704762,32.625,264.833,1.471667,378.42
2005-W02,226.416667,9.639286,677.283191,3.31634,28.169231,251.167,1.762167,379.305
2005-W03,239.321429,7.786905,679.35698,7.91131,31.982143,238.333,1.5465,378.6625
2005-W04,219.452381,3.074405,678.86381,4.970238,45.722222,252.5,1.399667,378.9925
2005-W05,194.64881,4.733333,675.263393,3.05509,73.440476,255.333,1.632333,379.75
2005-W06,174.220238,3.641071,679.055238,4.470482,57.166667,258.333,1.509167,379.2425
2005-W07,135.529762,5.073214,679.865503,4.633333,19.458333,256.286,1.413,380.6175
2005-W08,189.25,3.468452,677.744583,4.333566,31.678571,269.143,1.514571,381.135
2005-W09,214.880952,5.156548,680.836779,6.617683,19.940476,263.714,1.385429,382.3475
2005-W10,229.380952,6.902381,678.055814,6.4125,45.279762,268.5,1.2555,379.6225
2005-W11,226.809524,8.794643,676.453869,6.245238,27.815476,278,1.093,382.3825
2005-W12,247.910714,6.347619,681.221607,7.916071,38.214286,266.6,1.0694,380.7225
2005-W13,168.386905,5.485119,680.404405,5.790476,56.172619,270.2,1.2398,382.52
2005-W14,161.053571,4.633929,681.226488,9.367857,19.297619,272.143,1.314143,382.995
2005-W15,194.345238,3.093452,679.653393,5.931548,48.428571,283.5,1.259833,381.905
2005-W16,123.678571,4.205357,681.536548,7.916071,14.666667,275.714,1.303286,382.615
2005-W17,243.386905,4.469643,680.16,7.38869,35.988095,275.857,1.299429,382.34
2005-W18,195.035714,3.32619,682.215893,8.550595,34.339286,273.286,1.332286,381.6325
2005-W19,146.244048,4.005952,680.618054,9.604167,22.672619,280,1.294571,382.4175
2005-W20,148.577381,5.919048,681.611018,8.383832,32.173653,273.333,1.181833,382.7483333
2005-W21,140.636905,3.077381,679.833631,7.125,38.738095,279.667,1.219167,383.5225
2005-W22,147.190476,4.519643,681.435298,10.61131,24.017857,271,1.345333,383.425
2005-W23,180.559524,7.917857,680.795154,9.060714,16.571429,271.714,1.300714,382.59
2005-W24,180.285714,2.941071,681.61006,8.470833,32.142857,270.2,1.0856,382.2775
2005-W25,162.130952,2.641667,681.010952,8.193452,53.255952,279.5,1.0265,382.1
2005-W26,125.422619,2.709524,681.857083,10.805952,24.090278,274.6,1.032,381.0925
2005-W27,153.035714,4.3,682.995952,9.433333,41.630952,263.75,1.03,381.625
2005-W28,155.041667,4.869048,682.218274,7.258929,53.630952,266,1.014,381.7175
2005-W29,164.083333,6.442857,681.013452,9.408333,32.619048,267.4,1.023,380.76
2005-W30,208.541667,3.68869,681.736071,8.813095,40.708333,270.6,1.0442,380.49
2005-W31,158.285714,4.46369,681.783512,10.845833,29.595238,268,1.027,379.7525
2005-W32,216.077381,2.366667,682.083194,7.277381,65.732143,261,1.2288,378.5375
2005-W33,191.470238,3.752381,681.629444,9.057143,37.577381,268.2,1.0744,379.5225
2005-W34,180.321429,3.145238,680.749583,9.6375,35.857143,263.6,1.0316,378.0375
2005-W35,169.220238,3.37381,681.313036,10.135714,33.982143,261.2,1.5142,378.6275
2005-W36,172.220238,4.880357,681.019643,9.769643,25.202381,255.857,1.496,378.18
2005-W37,195.869048,3.869643,682.111607,7.916071,69.143713,251.333,1.412833,376.435
2005-W38,184.345238,2.847024,679.73576,7.905357,60.684524,256.4,1.1248,375.9525
2005-W39,158.779762,4.108333,681.154231,8.049405,42.744048,257.6,1.0898,376.335
2005-W40,162,5.946429,680.933274,9.501786,20.380952,253.6,1.1606,376.9075
2005-W41,166.97619,4.628571,680.869792,8.447619,24.586826,259.2,1.3054,377.6325
2005-W42,143.744048,3.966667,681.038563,9.190419,34.287425,246.6,1.1624,377.6375
2005-W43,206.779762,3.330357,680.716014,6.590476,47.059524,253.167,1.328833,377.635
2005-W44,168.041667,4.195833,681.471678,6.604762,38.550336,247,1.478667,377.8325
2005-W45,185.845238,3.683929,680.161946,4.712048,48.982143,247.167,1.502667,378.725
2005-W46,162.214286,3.818452,680.576607,7.34881,29.910714,245.286,1.485714,379.315
2005-W47,215.52381,3.392857,680.587517,7.799405,36.172619,240.167,1.538167,378.75
2005-W48,204.297619,2.445833,679.118869,5.783929,48.706587,240.429,1.602,378.965
2005-W49,158.738095,4.03869,678.955238,4.570238,47.639241,251.143,1.629143,380.675
2005-W50,185.065476,6.129167,680.212077,6.558642,18.375,242.8,1.3744,380.03
2005-W51,201.857143,5.06369,681.428869,7.739286,30.488095,233.143,1.551,380.2125
2005-W52,151.964286,5.174405,682.255119,9.34881,19.821429,228,1.638714,380.8825
2006-W01,198.10119,4.41131,680.604861,5.523952,17.227545,236,1.571167,380.8625
2006-W02,183.767857,7.721429,680.752569,7.593452,11.72619,229.143,1.533143,381.3725
2006-W03,199.994048,5.452976,679.144048,5.268519,35.886905,229.75,1.3195,381.795
2006-W04,168.309524,6.660119,678.14619,4.021429,68.60119,238,1.588667,381.3625
2006-W05,189.571429,6.00119,679.839524,6.366049,17.839286,225.429,1.468714,381.68
2006-W06,216.35119,3.402381,679.046905,4.736,28.209581,239.571,1.498857,382.415
2006-W07,205.821429,3.266667,676.362381,3.795205,55.987654,239.4,1.215,382.815
2006-W08,264.827381,6.831548,677.068571,4.6375,58.607143,239.75,1.3075,382.1
2006-W09,253.797619,3.694048,679.040774,4.425595,81.053571,244.8,1.3488,381.7833333
2006-W10,189.125,2.597024,679.187083,4.711905,70.184524,257,1.125667,383.285
2006-W11,204.380952,2.793452,678.09631,4.164881,81.696429,253,1.332,382.9475
2006-W12,216.363095,5.014286,677.368125,4.43869,68.64881,276,1.1998,383.0825
2006-W13,219.684524,6.022024,679.282188,4.592857,73.815476,270.667,1.073,382.7075
2006-W14,182.162162,4.283108,680.0975,4.961538,42.505952,274.667,1.271667,384.4275
2006-W15,161.744048,5.530357,680.371548,8.554762,18.172619,277,1.334857,385.6075
2006-W16,213.785714,2.421429,679.175655,5.824405,29.095238,275.4,1.084,385.3875
2006-W17,198.85119,3.847024,679.993571,7.455357,32.327381,279.857,1.312,385.35
2006-W18,208.142857,6.083929,678.001607,6.561905,48.02381,291.4,1.0246,385.4575
2006-W19,179.279762,3.098214,679.378036,4.708383,63.267857,287.714,1.382286,385.7475
2006-W20,181.27381,5.707143,680.215822,8.21976,32.05988,283,1.304143,385.745
2006-W21,189.880952,3.963095,681.320833,11.25,26.613095,274.857,1.295286,385.9575
2006-W22,138.630952,6.811905,682.415615,11.580916,15.761538,272.571,1.486571,385.1475
2006-W23,120.875,3.631548,681.574054,10.526786,28.458333,273.143,1.299714,384.5675
2006-W24,177.797619,7.120833,680.659881,10.057738,25.422619,279.429,1.344286,384.25
2006-W25,173.958333,4.530357,680.262143,8.194048,32.281437,274.5,1.181,383.995
2006-W26,172.744048,5.804762,681.604861,11.863095,20.263473,265.714,1.457143,383.7375
2006-W27,156.017857,4.27619,683.17626,10.514881,21.089286,284.333,1.349333,382.825
2006-W28,168.404762,7.569048,681.500833,11.121429,19.946108,273,1.304143,382.2875
2006-W29,191.410714,2.833333,681.145655,8.391667,42.363095,273.429,1.432286,382.46
2006-W30,182.125,5.295238,680.656964,8.115476,50.202381,273,1.243833,382.295
2006-W31,182.208333,5.859524,680.923194,8.30119,55.208333,278.833,1.236167,381.595
2006-W32,157.279762,2.604762,680.388346,8.121557,51.580838,275.857,1.307286,380.195
2006-W33,161.714286,3.21131,681.441667,8.599405,53.904762,268.167,1.352333,380.2175
2006-W34,181.059524,3.356548,680.580536,8.844643,57.563758,264.667,1.349833,379.165
2006-W35,129.297619,5.756548,681.26994,10.035119,32.380952,261.286,1.310571,380.0075
2006-W36,165.517857,3.968452,681.325417,8.530357,40.678571,265.429,1.445,378.5375
2006-W37,225.642857,3.066667,681.09256,9.271429,47.160714,263.143,1.327,379.2175
2006-W38,151.380952,3.969643,680.523036,10.428571,23.625,259,1.452,378.75
2006-W39,224.5,2.207738,680.45131,7.141071,76.452381,261.4,1.2106,378.6525
2006-W40,223.369048,2.424405,681.044898,7.729762,73.232143,254.333,1.328,378.9425
2006-W41,185.904762,3.39881,680.102738,7.769643,50.714286,260.2,1.166,379.1425
2006-W42,216.205128,4.638136,679.411026,8.979487,64.735043,252.75,1.22225,379.715
2006-W43,195.52349,2.528859,679.231208,7.434899,42.536913,256.4,1.1924,379.765
2006-W44,236.738095,5.019643,680.155536,8.144048,59.095238,248.714,1.432429,380.0075
2006-W45,152.803571,7.775595,682.25256,7.990476,33.702381,246.571,1.557857,380.1675
2006-W46,177.196429,3.785119,680.281644,7.486905,40.736527,238.714,1.524,380.3075
2006-W47,208.232143,2.602381,679.244583,5.295808,46.327381,250,1.36725,380.9275
2006-W48,203.339286,3.607738,678.851667,4.727976,60.389262,257.4,1.3428,381.2
2006-W49,168.238095,6.020833,682.28744,8.113095,25.166667,249.143,1.542714,381.685
2006-W50,193.327044,7.871069,682.739057,7.445912,14.880503,241.429,1.553143,381.455
2006-W51,158.005952,4.017857,681.282976,7.511905,23.208333,244.571,1.551571,383.09
2006-W52,190.702381,3.659524,680.818155,7.316667,24.922619,235.714,1.64,371.6025
2007-W01,189.85119,7.129762,680.219048,6.24881,29.101449,246.667,1.576167,382.73
2007-W02,192.815476,2.558929,678.225655,5.051786,65.53125,244.4,1.6174,383.2675
2007-W03,161.441558,4.882581,681.307879,8.595758,13.670732,247.167,1.659667,382.3175
2007-W04,204.160714,3.859524,680.132162,6.814189,19.560811,240.571,1.506286,385.2575
2007-W05,263.821429,10.331548,676.160537,6.991071,19.466216,237.714,1.472714,383.8
2007-W06,224.391304,3.833333,680.843768,9.210145,29.205882,241,1.454286,383.93
2007-W07,77.836879,8.262411,680.447945,5.208759,38.230816,253.333,1.343333,385.1175
2007-W08,178.785714,5.52619,680.447945,4.185119,38.230816,262.5,1.487333,384.97
2007-W09,247.016949,2.929661,680.447945,3.595238,38.230816,258.571,1.449571,384.925
2007-W10,185.744048,5.820238,678.820864,9.167857,42.320988,250.333,1.4065,383.1175
2007-W11,220.64881,4.263095,678.49756,4.997605,69.02,263.833,1.584167,384.82
2007-W12,143.035714,5.034524,680.614524,7.972619,31.352941,272,1.601143,386.18
2007-W13,234.291667,6.37619,677.394702,8.067262,24.827381,269,1.517333,385.945
2007-W14,242.619048,4.571429,679.0425,7.427273,23.386905,271.6,1.4198,386.14
2007-W15,139.363095,5.627976,680.915714,8.960714,22.27381,274.714,1.437,386.5725
2007-W16,139.02381,5.771429,680.31744,6.991667,21.785714,292.857,1.460429,388.0025
2007-W17,168.363095,4.994643,680.262083,6.435714,25.684524,292.714,1.301571,386.9925
2007-W18,155.464286,5.389881,680.748393,9.165476,21.25,276.571,1.305571,386.9575
2007-W19,178.589286,3.827381,679.281964,7.602976,27.434524,277.167,1.184333,386.4375
2007-W20,235.988095,4.992262,681.203869,7.632738,47.285714,282.333,1.217667,386.785
2007-W21,135.892857,5.036905,681.486548,8.203571,28.297619,283.714,1.294143,387.195
2007-W22,97.047619,3.956548,680.905476,10.327381,28.238095,276.857,1.434143,386.985
2007-W23,156,4.924405,681.088988,10.165476,25.041667,280.429,1.428143,388.22
2007-W24,158.083333,4.152976,679.495833,9.881548,27.369048,278.143,1.296143,386.92
2007-W25,198.005952,2.882738,680.982738,7.406548,43.910714,274.857,1.295857,385.7325
2007-W26,167.339286,5.517857,680.968452,9.114881,40.095238,274.667,1.092,385.19
2007-W27,143.452381,5.71131,680.965,8.191667,39.534247,271.667,1.274,385.955
2007-W28,120.821429,7.452976,682.00006,10.26131,35.690476,267.143,1.224571,386.1725
2007-W29,129.244048,6.143452,681.585714,9.468452,47.029762,262.833,1.196,384.9575
2007-W30,136.64881,4.860119,680.171726,8.75,26.904762,269.667,1.198,383.1775
2007-W31,136.660714,3.155952,680.15375,7.280357,57.702381,263,1.369,383.69
2007-W32,163.339286,3.4,681.132738,10.004762,28.863095,267.286,1.499143,381.7475
2007-W33,148.172619,5.504762,681.520417,8.982738,59.565476,260.833,1.566667,381.6675
2007-W34,175.357143,3.448214,680.26631,8.726786,31.309524,263.714,1.309714,379.8825
2007-W35,147.595238,2.2,680.430238,8.067262,54.05988,264.857,1.503857,382.0125
2007-W36,149.565476,3.570238,680.747738,7.972619,41.357143,262.333,1.3575,381.7975
2007-W37,190.779762,3.017262,679.747381,7.394643,54.386905,265,1.1205,379.1925
2007-W38,196.02381,3.917857,680.54125,8.132143,51.047619,255.833,1.264833,381.0925
2007-W39,222.029762,3.193452,680.442976,7.760714,72.425,250.333,1.179333,380.3825
2007-W40,137.517857,3.981548,680.8675,8.624405,34.916667,250.6,1.148,380.86
2007-W41,142.827381,4.048214,680.373333,7.965476,30.761905,265.4,1.151,381.1225
2007-W42,183.815476,3.980357,681.179821,9.371429,32.035714,248.857,1.542429,381.2975
2007-W43,133.035714,7.116071,679.823036,9.011905,13.755952,250,1.426714,381.7025
2007-W44,181.875,3.482738,679.353631,5.784524,45.922619,256.4,1.3628,382.13
2007-W45,157.517857,4.904762,679.430179,7.051786,54.797619,248.857,1.551143,382.5425
2007-W46,141.196429,4.683929,678.869286,8.002381,33.083333,253,1.5075,382.5675
2007-W47,159.440476,4.355952,677.83,4.29359,45.220238,245.333,1.530833,383.3175
2007-W48,210.011905,4.077381,679.384821,5.908929,71.154762,239.667,1.5095,383.29
2007-W49,197.267857,8.96131,677.33494,5.333929,62.089286,222,1.361,384.16
2007-W50,129.547619,7.297619,679.704762,2.642424,61.333333,244.5,1.592833,384.1875
2007-W51,156.714286,5.030952,679.817083,3.13697,46.130952,244.143,1.560286,384.4225
2007-W52,177.446429,4.685714,678.979583,4.349405,62.827381,240,1.58825,384.5625
2008-W01,151.839286,4.42619,679.56125,5.467857,46.261905,239.667,1.650667,385.6125
2008-W02,166.607143,3.152976,680.232262,6.225595,30.071429,237.2,1.3568,384.86
2008-W03,199.583333,3.133929,676.637619,3.649296,41.928571,248.2,1.4152,386.145
2008-W04,164.607143,4.794048,678.194762,3.768531,31.125,244.6,1.7766,386.27
2008-W05,152.261905,4.720238,678.112857,2.588785,70.559524,251.6,1.337,387.11
2008-W06,163.702381,4.059524,677.955833,2.598193,80.685315,243.6,1.8518,385.8525
2008-W07,148.730061,4.617178,678.768098,5.172393,29.920245,246.143,1.434857,386.3125
2008-W08,167.732143,3.292857,680.605621,5.419728,37.803922,241.8,1.3386,385.3025
2008-W09,223.821429,4.925,680.020952,4.722024,36.920245,241.286,1.458429,385.2325
2008-W10,116.380952,5.17619,681.070536,7.943452,18.660714,239.714,1.384714,387.725
2008-W11,133.72619,7.614286,680.375536,7.042262,21.946429,237.8,1.1044,386.01
2008-W12,164.589286,3.18869,679.501488,3.570748,65.261905,256.429,1.414286,386.5125
2008-W13,196.821429,3.599405,679.984524,4.969481,50.446429,259,1.289667,386.425
2008-W14,179.029762,5.225595,678.587083,6.415569,19.589286,267.429,1.322143,388.99
2008-W15,158.869048,4.586905,679.517682,5.844667,56.695364,259.286,1.408857,386.115
2008-W16,148.72619,3.117262,678.783095,5.506548,50.428571,268.5,1.12125,386.8525
2008-W17,200.202381,3.102976,679.68631,4.170833,60.458333,269.571,1.338714,388.265
2008-W18,139.190476,6.803571,681.259464,6.65119,47.535714,267.333,1.378333,387.9725
2008-W19,129.5,5.34881,678.428988,6.577381,25.988095,278,1.0472,389.2975
2008-W20,191.176471,2.24958,679.02,6.005085,45.176471,279.25,1.035,389.635
2008-W21,162.946309,3.650336,680.983108,9.52027,33.5,263.2,1.0196,389.245
2008-W22,116.470238,4.053571,681.279464,10.084524,23.5,270,1.3405,388.705
2008-W23,145.386905,5.448214,680.916667,8.97381,30.303571,273.167,1.2075,388.4825
2008-W24,218.446429,3.438095,679.096488,7.75,41.708333,274.429,1.305,389.145
2008-W25,172.279762,3.814881,680.631071,9.007143,28.988095,276.143,1.294429,388.0575
2008-W26,142.089286,4.654762,682.242381,10.46131,30.767857,280,1.294714,388.7025
2008-W27,154.178571,2.78631,681.38369,8.407006,35.324841,267.5,1.414333,387.9725
2008-W28,123.166667,2.827976,679.989881,6.460119,41.696429,266.286,1.393143,387.0125
2008-W29,147.011905,3.264286,679.129048,5.814744,56.094937,274,1.1778,386.8
2008-W30,129.565476,5.303571,680.753214,8.85,37.154762,287,1.201,386.6025
2008-W31,183.904762,4.92619,680.643929,7.472619,40.964286,259.448,1.367298,385.945
2008-W32,145.196429,6.766667,680.395774,9.547024,25.446429,259.448,1.367298,385.29
2008-W33,185.255952,3.559524,681.331071,8.391071,53.547619,259.448,1.367298,383.66
2008-W34,130.952381,6.81369,680.866667,8.779167,20.011905,259.448,1.367298,384.1825
2008-W35,148.690476,5.519048,679.735536,8.379245,27.06962,278.2,1.087,383.3525
2008-W36,200.875,2.944643,680.077262,9.844654,25.207547,264.5,1.356833,383.91
2008-W37,190.940476,4.425595,678.668155,7.599363,29.664474,261.429,1.318571,382.365
2008-W38,171.761905,3.095833,680.610595,9.409375,27.38961,260.667,1.213,383.125
2008-W39,145.25,4.095238,680.124107,8.802976,36.797619,260,1.479143,383.285
2008-W40,163.625,4.106548,680.970952,9.520238,32.047619,263.286,1.35,382.3
2008-W41,139.190476,4.26369,680.853452,9.02381,21.297619,253.833,1.408667,382.9475
2008-W42,153.261905,4.281548,680.300655,9.523214,27.25,272,1.378,383.27
2008-W43,175.714286,4.622619,680.924762,8.254167,28.761905,256.167,1.402333,383.075
2008-W44,176.832335,3.454762,681.784048,7.564286,48.982143,248.333,2.034,383.525
2008-W45,149.142857,5.183333,681.707202,8.508333,22.47619,249.833,1.365167,383.91
2008-W46,157.190476,5.694048,679.882857,6.306548,41.970238,252.6,1.4566,385.1125
2008-W47,187.428571,2.969643,679.547619,4.670238,56.369048,249,1.558667,384.525
2008-W48,146.458333,6.361905,680.786786,6.815476,25.464286,253.833,1.542,384.37
2008-W49,138.839286,5.570238,680.238631,7.716071,26.85119,245,1.526429,384.8725
2008-W50,188.327381,4.156548,678.303452,6.634524,35.961039,259,1.4294,385.7575
2008-W51,204.166667,3.736905,679.59369,6.752381,36.793103,256.143,1.544571,385.98
2008-W52,157.5,6.740476,678.785714,4.066071,58.297619,245.333,1.368333,386.4375
2009-W01,175.315476,4.475,677.6425,3.004268,77.836735,256.75,1.532,386.55
2009-W02,184.64881,5.108929,679.277262,5.768452,37.75,259.571,1.542286,386.66
2009-W03,236.011905,8.410119,677.623929,5.925949,38.440476,245.6,1.3426,387.385
2009-W04,199.261905,5.552381,679.927619,6.34759,17.279762,242.8,1.5822,387.5375
2009-W05,184.511905,3.385714,677.881964,4.717178,32.696429,259.143,1.467143,388.3225
2009-W06,175.214286,2.65,680.07619,4.800599,51.238095,258,1.519286,387.3975
2009-W07,160.375,4.61131,679.793512,2.552414,58.636905,261,1.490571,387.2925
2009-W08,190.571429,3.972619,677.415536,4.932515,28.952381,266,1.647143,387.415
2009-W09,238.886905,3.961905,677.56,4.463694,22.654762,252.667,1.429167,388.735
2009-W10,214.089286,3.763095,677.529167,3.992857,49.789062,264.25,1.22575,388.975
2009-W11,230.35119,7.35,674.10875,3.526623,42.335616,281,1.1968,390.675
2009-W12,233.154762,6.630952,677.728393,3.006316,75.682243,270.167,1.488667,388.185
2009-W13,160.380952,4.12381,678.682381,4.49562,34.472603,278.667,1.211333,388.8825
2009-W14,196.517857,3.214881,678.647024,4.568,45.321168,269.2,1.151,389.7175
2009-W15,229.005952,4.119048,679.510119,4.103571,66.135484,276.2,1.3596,389.7975
2009-W16,228.987805,4.011585,679.635732,7.8,38.246835,271,1.1895,389.2575
2009-W17,246.369048,9.434524,676.905417,6.13631,30.727273,291.667,1.185,388.7425
2009-W18,183.821429,4.9375,680.046607,8.921429,32.732919,276.286,1.296429,390.7275
2009-W19,174.077381,3.971429,680.652202,7.700595,36.407643,271.5,1.183833,389.725
2009-W20,165,3.507738,679.135179,9.6625,34.565217,276.167,1.330833,390.385
2009-W21,233.720238,5.407738,676.86744,8.764583,26.924242,269.333,1.189167,390.845
2009-W22,256.565476,4.635714,680.444881,9.803361,29.709677,264.167,1.338,390.005
2009-W23,135.767857,6.230952,680.767798,9.180952,28.217105,273.6,1.0222,390.8625
2009-W24,143.779762,4.44881,681.239583,10.4375,32.214286,278.333,1.214167,390.5375
2009-W25,143.339286,7.817262,681.162083,10.345833,27.803571,269,1.293143,389.095
2009-W26,132.625,3.889881,680.218214,9.163095,21.659864,268.571,1.292857,388.87
2009-W27,183.839286,2.283333,679.699821,9.998214,29.854167,272,1.508857,387.9925
2009-W28,153.327381,4.180952,680.453333,10.204762,35.10119,269.143,1.303857,389.035
2009-W29,179.630952,3.011905,680.363333,7.205357,54.827381,270.714,1.458,387.1325
2009-W30,172.815476,2.62381,681.239048,9.155952,45.858065,261,1.2476,388
2009-W31,146.392857,5.335119,681.067024,10.414286,32.093023,271.833,1.183667,387.165
2009-W32,137.577381,3.707143,681.335952,10.515476,30.110345,263.4,1.0308,386.84
2009-W33,169.059524,2.06369,680.99131,7.653571,63.161074,258.286,1.474571,386.465
2009-W34,160.267857,4.48631,680.176488,9.399405,39.630952,263,1.236,385.2075
2009-W35,177.744048,2.521429,680.367917,9.313095,30.970874,261,1.301571,386.2525
2009-W36,130.190476,3.452976,680.168036,10.116071,24.745455,262.6,1.0482,385.3575
2009-W37,131.035714,3.145238,681.302321,10.438095,28.093333,257.167,1.362667,384.725
2009-W38,164.589286,4.305952,681.035238,10.563095,23.042857,260,1.324429,384.3675
2009-W39,166.309524,3.444048,679.384226,10.154167,29.104478,260.833,1.231333,384.435
2009-W40,165.202381,4.377381,680.09375,9.83631,32.568627,251.167,1.249667,384.68
2009-W41,186.232143,2.192857,681.095655,8.089286,67.394737,251.714,1.520857,384.2275
2009-W42,195.029762,3.451786,679.543274,8.842262,32.914894,247.714,1.379143,384.9475
2009-W43,160.910714,5.102381,680.325476,9.106548,25.435897,241,1.406429,384.8925
2009-W44,168.255952,4.020833,680.66625,8.894643,25.651852,246.714,1.422143,385.28
2009-W45,139.910714,4.513095,680.70375,8.597024,17.156863,251.667,1.359667,385.185
2009-W46,188.934641,3.320261,678.179346,5.819608,60.632075,254.857,1.591,385.5575
2009-W47,183.934524,3.097619,679.476548,5.689157,50.150943,259.143,1.488429,386.91
2009-W48,163.386905,2.52381,679.238452,4.991071,51.388158,247.75,1.492,386.87
2009-W49,206.261905,3.941667,676.746071,6.357831,34.099291,249,1.763667,387.18
2009-W50,200.880952,2.968452,679.495595,7.902976,22.566667,237.143,1.545571,387.085
2009-W51,229.47619,4.923214,678.871667,6.654658,19.371622,235.571,1.552429,387.2625
2009-W52,190.892857,3.175595,678.97631,6.017901,25.480263,237.714,1.653143,389.0425
2009-W53,232.327381,4.4125,679.342143,7.707738,15.366013,239.714,1.630714,387.995
2010-W01,244.791667,4.723214,679.587619,8.979762,19.815476,231.571,1.547857,388.5275
2010-W02,205.315476,5.294643,680.75494,9.288095,13.47619,237.571,1.518,388.375
2010-W03,191.857143,3.895833,680.522857,8.802381,15.041667,231.143,1.595143,388.7775
2010-W04,221.583333,4.522619,678.18625,8.64881,22.642857,221.286,1.477857,388.405
2010-W05,216.47619,4.454762,676.886607,5.479167,25.27381,234,1.2526,391.8225
2010-W06,165.761905,3.657738,680.26744,7.504192,22.416667,239.286,1.428857,391.295
2010-W07,245.291667,3.395833,679.058571,6.022699,17.809524,247.857,1.522857,389.05
2010-W08,161.916667,2.610119,681.933036,9.341667,23.892857,245.167,1.288167,389.3475
2010-W09,165.860606,3.92619,679.525833,5.822561,30.333333,257.167,1.276833,392.0425
2010-W10,183.333333,5.694643,679.909702,6.070659,25.875,273.857,1.355143,394.04
2010-W11,253,3.611905,678.018095,5.398148,33.880952,261.143,1.372143,391.3775
2010-W12,189.916168,3.58869,679.791071,8.126786,30.220238,264,1.323286,391.3525
2010-W13,152.988095,6.741667,681.54119,9.498214,18.684524,270.714,1.314429,390.6425
2010-W14,172.692771,1.927381,678.724643,4.652174,53.196429,272.5,1.260833,392.535
2010-W15,213.880952,3.751786,678.693214,6.635714,26.916667,270.143,1.302714,392.65
2010-W16,127.452381,4.8125,680.191786,7.624699,23.785714,295,1.300286,394.2275
2010-W17,150.011905,7.064881,682.309048,9.480952,24.583333,282,1.182167,393.21
2010-W18,131.488095,3.710119,680.12256,11.253571,21.660714,278.429,1.294286,393.095
2010-W19,173.125,4.798214,681.05631,10.072024,24.291667,278.571,1.294143,393.005
2010-W20,146.255952,7.717857,681.207083,10.181548,19.839286,280.333,1.178833,393.3525
2010-W21,181.541667,5.924405,681.160238,7.7875,32.857143,282,1.31,393.745
2010-W22,130.52381,6.893452,682.133571,10.754762,19.089286,272.2,1.9758,394.0733333
2010-W23,126.089286,8.179762,682.935833,11.875,20.107143,259.482,1.368169,393.2625
2010-W24,164.25,2.886905,681.516131,9.177381,30.64881,263.667,1.246333,392.18
2010-W25,157.291667,5.050595,681.760774,11.345833,18.714286,277.25,1.09325,392.225
2010-W26,169.422619,2.669643,682.359583,10.92381,26.952381,271.5,1.06575,391.3225
2010-W27,105.27381,4.764286,680.867679,12.335119,19.261905,274.8,1.282,391.005
2010-W28,160.642857,3.952381,680.632917,12.018452,24.464286,275,1.295,389.9325
2010-W29,190.416667,5.054167,681.552381,8.957143,35.636905,268.429,1.305286,390.055
2010-W30,132.886905,6.172024,681.844583,12.164286,19.011905,270.833,1.1905,390.1
2010-W31,139.553571,4.185119,680.980774,10.316071,33.970238,267.143,1.322714,389.045
2010-W32,129.017857,8.798214,681.59256,10.277381,19.880952,270.714,1.290143,389.1825
2010-W33,118.946429,4.433929,681.409702,11.503571,22.154762,270.429,1.296714,387.8825
2010-W34,137.827381,4.020833,681.203571,10.845833,25.35119,272,1.297429,387.23
2010-W35,102.886905,4.225,681.61994,10.386905,28.244048,265.286,1.301143,386.9525
2010-W36,144.613095,2.854167,680.869881,9.62381,27.952381,263.143,1.456,385.695
2010-W37,136.333333,6.582143,681.42875,10.992857,22.916667,260.571,1.323571,387.19
2010-W38,132.696429,4.471429,680.704405,9.033333,35.053571,267.286,1.332143,386.5825
2010-W39,125.535714,3.609524,679.460655,8.078571,47.863095,263.143,1.520714,387.03
2010-W40,153.755952,4.644643,680.872202,9.359524,35.458333,262.143,1.404143,387.05
2010-W41,148.22619,4.505357,680.158095,7.285119,31.833333,260.5,1.279833,387
2010-W42,153.041667,4.281548,681.694524,7.067262,49.863095,263.286,1.478143,387.4425
2010-W43,135.130952,6.438095,681.271071,8.547024,30.14881,254.429,1.426,387.9575
2010-W44,161.151515,4.36303,681.556061,8.675758,35.084848,256.286,1.443,388.1125
2010-W45,177.89881,4.899405,680.98869,7.381548,32.166667,260.8,1.4658,388.65
2010-W46,255.309524,3.634524,679.09631,5.53869,50.184524,245.167,1.400667,388.9025
2010-W47,139.607143,4.73631,678.81619,5.710119,34.25,254,1.597857,389.385
2010-W48,157.35119,3.46369,678.898393,5.001829,46.857143,262.714,1.57,389.99
2010-W49,210.190476,3.1875,678.060595,4.845238,46.095238,251.2,1.5418,389.9675
2010-W50,185,4.294643,678.917619,6.105952,36.452381,245.333,1.6315,389.545
2010-W51,205.136905,2.170833,677.971726,4.959524,73.928571,240.75,1.711,390.625
2010-W52,165.35119,6.56131,679.357202,6.054762,30.166667,235,1.57275,389.855
2011-W01,198.404762,7.183333,676.201905,5.028777,23.97619,252.143,1.544286,391.9825
2011-W02,194.27381,7.113095,677.195119,4.872619,48.107143,246.167,1.601833,391.37
2011-W03,174.60119,5.621429,676.942381,4.603497,44.065789,240.333,1.854667,393.195
2011-W04,141.160714,5.007738,678.727143,6.582143,20.833333,237.857,1.478429,391.335
2011-W05,147.297619,3.526786,678.833214,5.055102,33.679389,234.333,1.373,392.8225
2011-W06,195.672619,3.095833,678.265714,5.836538,51.741935,235.167,1.418833,392.1425
2011-W07,122.52381,3.698214,680.447381,7.252349,45.993289,253.333,1.334333,391.8825
2011-W08,73.35119,2.170833,678.395515,4.692105,67.465116,270.25,1.38425,392.0675
2011-W09,149.363095,3.664286,678.480476,5.55,57.531915,265.2,1.2806,393.175
2011-W10,136.029762,4.717857,680.559107,5.733929,39.583333,256.143,1.376286,391.69
2011-W11,139.083333,7.783333,681.303452,8.425,19.339286,258.4,1.1028,392.39
2011-W12,162.077381,6.63631,679.691012,6.369277,27.428571,282.667,1.257,392.1925
2011-W13,129.416667,3.793452,679.79756,6.632738,36.130952,273.714,1.357429,394.3825
2011-W14,156.910714,4.375,678.591607,4.789286,60.267857,278.333,1.047333,394.0895833
2011-W15,168.160714,2.833333,680.565,6.791667,57.720238,267.4,1.1002,393.7966667
2011-W16,127.267857,4.043452,680.664048,7.568452,33.440476,273.667,1.222833,393.1825
2011-W17,147.970238,3.48631,679.020595,7.133929,40.053571,280.857,1.329429,395.155
2011-W18,155.738095,4.055357,678.472917,3.744643,71.547619,301.6,1.3,393.6975
2011-W19,182.571429,3.001786,680.85744,5.01131,72.619048,284.25,1.0725,392.76
2011-W20,138.761905,4.37619,680.653988,8.783929,27.083333,281.2,1.023,395.5525
2011-W21,152.369048,6.385119,681.177202,7.860714,28.386905,289.429,1.291571,395.3875
2011-W22,186.404762,4.545833,681.626488,4.808333,51.72619,289.2,1.4794,394.455
2011-W23,163.720238,5.14881,680.737143,8.075,37.565476,286.4,1.0684,394.7275
2011-W24,146.970238,6.056548,681.414762,9.439286,29.297619,283.2,1.0788,393.905
2011-W25,165.327381,3.582738,680.095595,9.422024,31.053571,272.143,1.296571,393.7
2011-W26,118.244048,4.4875,680.709286,11.798214,20.077381,264.571,1.289857,392.625
2011-W27,109.047619,7.733333,679.284464,9.542262,21.886905,267.571,1.425,393.3666667
2011-W28,148.113095,3.797619,680.777738,7.72619,45.708333,260.333,1.380833,393.385
2011-W29,137.353293,5.416168,679.696647,10.257485,18.724551,264,1.191333,391.9725
2011-W30,182.550898,4.986826,680.766548,7.905952,36.369048,265.857,1.328857,392.505
2011-W31,154.166667,4.95,680.619762,12.405952,15.936306,262.571,1.301857,391.6975
2011-W32,214.160714,2.723214,681.047262,6.775,63.434211,256.143,1.397714,390.865
2011-W33,121.827381,4.456548,681.114762,11.790476,20.832258,262.167,1.190833,390.3025
2011-W34,123.767857,4.717262,682.018869,9.61131,37.289157,264.857,1.332286,389.6125
2011-W35,174.577381,3.605952,680.53119,7.197024,44.182927,267.286,1.339571,388.6225
2011-W36,171,3.021429,679.88119,9.997024,27.824242,265,1.445,387.4875
2011-W37,190.071429,3.901786,681.705,8.158929,52.433735,261,1.412143,388.655
2011-W38,124.363095,4.408333,680.800595,10.508929,21.767857,260.286,1.34,389.5575
2011-W39,142.321429,2.872024,681.07869,9.360119,32.487013,258.571,1.365571,388.91
2011-W40,138.125,7.983929,681.891131,11.17381,15.309524,252.429,1.395143,389.4325
2011-W41,161,3.958929,680.199345,7.756548,31.528302,255.833,1.282667,389.105
2011-W42,192.071429,3.136905,680.12881,8.577381,26.910828,244.857,1.405571,389.26
2011-W43,146.244048,3.11131,678.505595,7.623214,26.087838,251.2,1.2288,389.4975
2011-W44,190.790419,3.604192,679.379641,4.762275,59.124138,256,1.32875,389.97
2011-W45,145.071429,5.132738,679.850536,4.718072,50.693333,264.667,1.532833,390.155
2011-W46,185.666667,1.925595,679.869583,4.311976,77.096552,254.667,1.66,390.5975
2011-W47,183.565476,2.864286,681.093333,6.995238,50.981481,260.2,1.4644,390.91
2011-W48,183.184524,3.339286,679.283214,6.872024,22.379085,249.5,1.499167,391.3766667
2011-W49,153.511905,4.2375,677.672083,5.039286,20.908333,262.333,1.488667,391.61
2011-W50,172.434524,2.747619,679.083393,3.773418,61.281553,266.8,1.7542,392.02
2011-W51,124.196429,7.324405,678.072679,3.952976,23.771429,253,1.4668,392.515
2011-W52,140.892857,7.767857,680.023095,6.155357,18.180124,233.75,1.39425,392.6825
2012-W01,139.803571,4.79881,681.260417,5.908929,20.597403,251.167,1.569333,392.99
2012-W02,174.137725,4.272455,677.327246,5.4,19.25,248.333,1.487167,394.305
2012-W03,168.47619,5.3875,680.871488,6.89881,34.624204,236,1.613286,392.7125
2012-W04,192.583333,4.685714,678.837083,5.617857,20.57047,245.714,1.545,393.6675
2012-W05,194.291667,5.5375,678.102679,7.113095,13.219512,249.857,1.473,392.76
2012-W06,218.196429,8.085119,679.162083,5.704908,15.980769,250.2,1.2336,392.105
2012-W07,160.011905,7.845833,681.067976,6.153704,20.892216,261,1.1946,393.595
2012-W08,173.857143,6.663095,677.79744,2.861745,55.281879,264.667,1.163667,394.7275
2012-W09,183.60119,2.74881,678.384881,3.8,43.546512,276.143,1.473857,393.86
2012-W10,202.732143,6.574405,677.789524,4.884524,48,266.6,1.2414,393.5375
2012-W11,148.97619,6.311905,679.949107,7.036905,24.130435,276.571,1.344,394.08
2012-W12,164.75,3.325,678.083333,4.65,31.831776,273,1.1386,394.8025
2012-W13,164.77381,5.757738,678.922679,5.826543,29.467532,277.571,1.319429,396.2125
2012-W14,170.392857,2.98869,678.791488,5.230247,38.59542,275.286,1.383286,395.21
2012-W15,163.220238,2.491667,680.460833,5.629167,31.12381,282.571,1.370286,397.3025
2012-W16,157.761905,5.749405,679.508155,6.922024,22,288.857,1.327143,396.555
2012-W17,131.529762,4.58631,680.295952,8.747024,18.938272,289.714,1.315571,397.2525
2012-W18,143.357143,8.325,678.994345,6.97619,17.251497,290,1.320714,397.665
2012-W19,220.654762,3.944643,678.599405,6.540476,26.43871,287,1.310857,398.35
2012-W20,140.35119,4.08631,679.671131,8.3125,28.072368,285.143,1.318429,397.9325
2012-W21,151.035714,11.6875,680.35244,8.041071,23.512195,291.8,1.0334,396.1325
2012-W22,130.642857,8.184524,680.767976,8.2875,18.464286,282.833,1.504167,396.3275
2012-W23,149.297619,7.980952,680.875655,9.752381,22.2,277.8,1.2164,396.175
2012-W24,143.369048,4.080357,680.477679,7.4625,31.979167,285,1.456714,396.6175
2012-W25,135.60119,6.979167,680.24631,9.545833,21.321429,275.143,1.318143,396.495
2012-W26,132.47619,6.41369,680.34,8.792857,22.886905,276.143,1.319857,395.995
2012-W27,139.77381,6.474405,679.867381,10.74881,16.1,277.2,1.2526,394.3975
2012-W28,137.452381,5.628571,679.91994,9.41131,21.16129,272.714,1.292571,395.265
2012-W29,151.369048,5.813095,680.295179,8.744643,37.312102,274.286,1.480857,394.2825
2012-W30,139.47619,2.825,680.302202,10.135714,21.174242,274.286,1.378,393.4275
2012-W31,143.434524,3.138095,681.846429,9.1875,55.938931,261.571,1.711714,392.94
2012-W32,141.994048,5.282143,681.696607,11.266071,21.926174,264.286,1.326714,393.26
2012-W33,140.791667,8.459524,679.500774,8.29881,26.664634,268.571,1.299429,393.105
2012-W34,190.928571,3.879762,680.685417,7.8375,41.457143,261.714,1.307571,390.83
2012-W35,131.291667,4.445833,680.775893,10.914286,21.912162,265.286,1.357571,391.8725
2012-W36,137.059524,3.330357,680.305238,8.285714,34.434211,264.143,1.467857,391.605
2012-W37,133.785714,2.548214,680.490655,9.625,26.164286,258.571,1.356286,398.3775
2012-W38,151.047619,2.457738,679.916964,8.45119,30.719424,265.857,1.363286,391.05
2012-W39,155.244048,3.919048,680.738214,9.150943,25.512658,259.333,1.444833,391.02
2012-W40,228.5,2.835714,680.195476,10.020238,34.475,255.714,1.381714,390.9275
2012-W41,160.452381,7.054762,682.21256,9.375595,24.980519,253.8,1.2058,390.73
2012-W42,145.964286,5.16369,680.331786,10.93697,18.798742,244.429,1.400286,390.99
2012-W43,147.267857,3.452381,680.506071,7.981875,52.823077,242.286,1.524143,391.425
2012-W44,137.630952,4.264286,680.267798,9.069643,22.394737,248.714,1.440571,391.775
2012-W45,144.011905,3.988095,679.159702,7.131548,19.802548,245.286,1.458857,392.08
2012-W46,153.553571,4.219048,680.031786,7.065476,21.852564,243,1.28175,393.125
2012-W47,246.988095,2.183333,679.386429,5.141667,72.326923,244.571,1.737857,393.5675
2012-W48,235.440476,4.072619,680.25994,7.697619,26.091503,234.429,1.528714,395.1825
2012-W49,180.994048,5.245238,680.372976,8.094048,40.493151,226.571,1.563286,393.48
2012-W50,181.970238,5.523214,679.693512,6.674405,15.95122,236.571,1.616429,394.5025
2012-W51,153.02381,6.940476,678.65369,5.077976,26.794872,232.571,1.635143,395.4575
2012-W52,215.821429,3.460714,678.893631,8.046429,24.166667,229.286,1.779429,395.1325
2013-W01,176.565476,4.77619,679.876548,6.9375,24.320988,237.143,1.730143,395.1775
2013-W02,147.886905,4.783929,677.000536,3.689241,43.467105,233.429,1.642286,395.4575
2013-W03,265.077381,5.819048,676.434524,5.373913,30.473333,234.2,1.3392,395.88
2013-W04,166.767857,4.675,679.669702,6.915476,17.764706,217,1.533,395.495
2013-W05,167.60119,3.647024,678.939762,6.102381,47.325,223.429,1.642857,396.62
2013-W06,140.261905,4.372619,679.583631,5.260606,27.693333,228.286,1.463,397.73
2013-W07,145.357143,4.792262,679.042976,4.606748,26.868263,238.667,1.384833,395.98
2013-W08,177.529762,4.683333,678.263452,2.140678,70.754967,249.5,1.481333,397.5625
2013-W09,134.565476,7.825,679.262679,4.745963,18.13125,246.571,1.381714,396.3775
2013-W10,162.172619,3.404762,678.512083,4.905488,30.964286,250.429,1.388714,398.6875
2013-W11,260.75,9.257143,677.208155,4.824405,41.152174,248.2,1.2022,396.97
2013-W12,205.196429,4.129167,677.853452,5.766071,37.652482,256.429,1.435286,398.5725
2013-W13,235.517857,3.75,677.604762,4.284431,58.161972,262.286,1.413714,398.0125
2013-W14,226.285714,6.867262,678.602024,6.717262,26.107914,267.143,1.347429,399.4925
2013-W15,186.114583,4.396875,679.383095,6.591667,33.572289,266,1.302,398.665
2013-W16,177.175089,4.569034,680.345952,6.491667,39.970588,261.429,1.307714,397.96
2013-W17,177.175089,4.569034,679.751845,6.405357,37.153846,269.429,1.292714,398.8075
2013-W18,177.175089,4.569034,679.338988,7.935714,33.195946,274.286,1.258286,399.705
2013-W19,177.175089,4.569034,680.256012,7.947024,55.306122,274.571,1.400143,400.0075
2013-W20,216.79798,3.188889,680.221964,6.608929,42.314516,277.429,1.342,399.9525
2013-W21,196.166667,3.872024,679.682976,7.94881,28.259615,269.571,1.363143,400.435
2013-W22,174.863095,4.468452,681.052083,6.947619,49.909091,273.429,1.727571,400.76
2013-W23,139.160714,7.375595,680.209643,8.980952,20.407643,277.429,1.310571,399.5325
2013-W24,139.970238,3.757143,681.036607,10.43631,37.726591,270.714,1.322429,398.5675
2013-W25,163.85119,3.904167,681.562024,11.436905,37.726591,279,1.0246,398.895
2013-W26,126.910714,5.8125,680.255476,10.294643,21.013889,276.571,1.310286,399.3175
2013-W27,178.547619,3.072619,680.488274,9.877976,41.494048,273.143,1.567,398.5
2013-W28,152.97619,5.7875,680.819677,10.282143,22.029762,270.286,1.293571,398.46
2013-W29,231.041667,2.707143,680.314226,9.42381,41.636905,276.714,1.305429,397.6575
2013-W30,159.904762,4.133333,681.26256,10.852976,40.934524,264,1.606286,397.015
2013-W31,137.625,5.207143,681.46256,9.64881,42.803571,266.143,1.386571,396.77
2013-W32,192.125,3.108929,680.966726,9.233333,42.97619,262.571,1.351857,394.625
2013-W33,151.625,5.433333,681.201607,10.681548,26.565476,265.571,1.302429,395.63
2013-W34,140.785714,4.770238,680.626118,10.292857,32.595238,268.286,1.311429,394.58
2013-W35,159.815476,3.866667,680.593571,9.955357,24.303571,265,1.354429,395.0975
2013-W36,131.142857,3.794048,680.650119,9.895238,24.809524,266.857,1.439,394.845
2013-W37,130.160714,5.215476,680.305893,9.579762,34.922619,270,1.355571,394.17
2013-W38,170.428571,4.515476,680.356429,10.25,30.375,265.143,1.482714,393.34
2013-W39,149.511905,4.156548,679.938393,9.10119,27.208333,264.143,1.360429,393.33
2013-W40,177.392857,3.666667,679.999524,9.275,35.678571,261.286,1.503571,393.7675
2013-W41,215.988095,2.384524,680.474643,7.165476,52.083333,256,1.541429,394.0575
2013-W42,233.607143,3.944048,679.031607,6.574405,60.732143,253.286,1.579429,394.015
2013-W43,214,3.194048,680.467679,8.266071,47.761905,255.143,1.413857,394.1875
2013-W44,152.964286,3.755952,680.535298,6.201786,49.416667,255.857,1.436,394.6925
2013-W45,243.89881,3.355952,678.984286,7.092857,58.261905,252.286,1.597143,394.8
2013-W46,219.452381,6.217857,679.508333,7.699405,47.75,251,1.704429,396.195
2013-W47,206.202381,3.579167,679.651012,7.273214,34.696429,248.857,1.600714,394.8675
2013-W48,170.279762,5.030357,679.748631,8.938095,17.452381,239.143,1.699857,396.6725
2013-W49,140.089286,3.710714,679.019464,7.642857,37.011905,247.833,1.473167,396.4775
2013-W50,202.184524,4.355357,680.368333,6.823214,36,243.857,1.550143,397.5825
2013-W51,224.755952,3.275,678.069881,3.555758,54.27381,249,1.670857,399.065
2013-W52,129.178571,5.02381,677.845,4.487349,48.464286,248,1.807286,397.4075
2014-W01,215.214286,4.047024,676.15006,4.280864,66.285714,283.5,1.439,397.88
2014-W02,212.946429,2.667262,676.644286,3.332624,46.797619,259.669,1.370779,397.7075
2014-W03,226.136905,3.377976,677.982202,6.190244,42.809524,259.669,1.370779,397.5975
2014-W04,253.434524,8.144643,676.252679,7.094611,31.52381,259.669,1.370779,398.4225
2014-W05,205.113095,5.801786,676.804345,4.327742,57.363095,259.669,1.370779,398.9625
2014-W06,217.988095,3.598214,678.59869,6.750595,56.625,259.669,1.370779,398.32
2014-W07,212.964286,3.23869,679.257381,6.794643,45.345238,259.669,1.370779,397.9
2014-W08,227.72619,2.4125,678.10375,4.715476,72.755952,259.669,1.370779,399.1575
2014-W09,255.77381,5.860714,677.174464,6.693452,31.660714,259.669,1.370779,397.87
2014-W10,252.529762,5.383333,677.959286,4.427381,55.446429,254.5,1.4615,399.2225
2014-W11,191.684524,3.811905,678.947321,5.129697,54.244048,265.286,1.344714,399.74
2014-W12,171.10119,3.145833,678.279226,5.274691,45.785714,259.571,1.464,401.4775
2014-W13,163.136905,3.253571,679.612024,4.383735,62.922619,282.429,1.462571,400.12
2014-W14,191.660714,3.855357,679.25881,4.780838,63.660714,278.5,1.977,400.88
2014-W15,213.416667,3.363095,679.195,6.810119,38.416667,277.833,1.3675,402.35
2014-W16,136.119048,6.964286,680.25375,8.950595,10.654762,278.429,1.434571,402
2014-W17,156.583333,7.758333,680.707083,9.810119,16.738095,279.167,1.190167,401.55
2014-W18,222.64881,2.884524,679.559762,7.46369,43.803571,285.167,1.256833,402.375
2014-W19,140.464286,2.4,681.575714,10.3,34.333333,275.714,1.295571,403.0925
2014-W20,173.34,2.444,680.0114,10.034,30.94,278,1.454,401.95
2014-W21,169.440476,2.969048,680.803036,10.87381,28.625,280.5,1.190667,402.3575
2014-W22,172.416667,3.7375,679.491786,6.258929,53.14881,293,1.3795,402.0325
2014-W23,187.607143,2.585119,679.105893,7.55119,50.279762,276.143,1.241429,402.175
2014-W24,140.172619,4.177381,680.45619,9.455357,31.744048,279.429,1.354857,402.265
2014-W25,215.172619,2.783929,679.403512,7.857143,37.333333,278.143,1.321857,401.59
2014-W26,126.642857,4.283333,681.113095,11.772024,22.059524,272.714,1.289571,401.235
2014-W27,128.815476,4.123214,681.886131,12.326786,17.732143,268.167,1.348167,400.5975
2014-W28,162.380952,3.731548,680.822619,10.415476,32.755952,264.714,1.34,399.79
2014-W29,151.702381,4.465476,681.345119,8.658929,60.410714,260.5,1.118,399.0375
2014-W30,172.636905,4.095833,681.324881,10.420833,42.64881,260.857,1.466571,398.225
2014-W31,184.89881,4.158333,681.091786,8.703571,53.732143,265.286,1.241857,397.4425
2014-W32,124.638095,6.868571,681.194952,10.417143,36.942857,266.667,1.024333,398.065
2014-W33,127.469799,6.328859,680.833333,10.734014,28.877551,270.143,1.334143,397.3333333
2014-W34,130.02381,3.2,680.17119,9.023214,37.797619,272.857,1.293429,396.48
2014-W35,189.172619,2.655952,678.87631,9.68631,30.380952,263.286,1.302714,395.6625
2014-W36,155.970238,2.538095,680.78375,10.080952,42.119048,266.286,1.350429,396
2014-W37,174.958333,3.73631,680.205238,9.021429,39.666667,271,1.188,395.6775
2014-W38,176.684524,2.316071,680.581964,8.466071,66.892857,261.143,1.49,395.0225
2014-W39,142.178571,7.432738,681.402917,8.997024,49.410714,269.8,1.0886,396.1425
2014-W40,214.142857,2.520833,679.889107,7.404762,64.392857,268.714,1.385571,395.3625
2014-W41,182.857143,5.044643,680.612857,8.496429,46.875,266.4,1.166,395.0325
2014-W42,152.452381,6.114286,680.415536,8.203571,64.172619,264,1.219,395.8575
2014-W43,158.255952,5.47381,681.291905,8.541667,41.892857,253.571,1.406571,395.98
2014-W44,148.255952,5.51131,681.04006,8.463095,33.75,263.4,1.2216,399.785
2014-W45,177.964286,3.552381,680.247917,8.3625,37.845238,253,1.511,396.7125
2014-W46,238.644737,6.576974,678.7506,8.569333,41.1,248.5,1.4555,398.4425
2014-W47,148.013605,6.02381,681.540136,8.098639,27.394558,257.333,1.468833,398.03
2014-W48,213.785714,3.624405,679.698631,8.23869,26.642857,249,1.708571,397.3575
2014-W49,227.39881,3.439881,678.960417,6.789286,29.005952,249.714,1.619714,399.1175
2014-W50,151.839286,3.907738,682.063631,8.741667,20.470238,238.571,1.553714,398.93
2014-W51,150.369048,7.811905,681.556726,8.647619,13.077381,248.429,1.609857,399.43375
2014-W52,242.807229,7.884337,675.541506,5.98253,33.433735,257,1.42,399.9375
2015-W01,234.232143,11.225,673.327143,5.82716,34.107143,237,1.3675,400.765
2015-W02,245.702381,4.896429,678.32756,6.8,24.386905,238.143,1.529429,399.9
2015-W03,207.267857,3.433333,681.004583,8.410119,24.279762,234.571,1.512714,401.08
2015-W04,186.857143,3.805357,680.992976,9.086905,26.005952,238.6,1.4318,399.615
2015-W05,206.339286,4.704167,678.754286,7.5125,27.636905,238.571,1.469,400.3275
2015-W06,253.607143,11.816071,676.900655,7.047024,13.660714,247.4,1.2428,400.4825
2015-W07,239.880952,13.442857,675.849286,7.336905,29.488095,250.8,1.211,399.87
2015-W08,221.744048,4.422024,679.71875,7.45,42.517857,256,1.1705,400.305
2015-W09,177.339286,4.13631,678.663036,6.676786,47.261905,260.2,1.2324,402.1075
2015-W10,229.595238,5.221429,676.247202,4.47619,58.119048,280.75,1.143,401.47
2015-W11,253.577381,9.782738,676.503353,2.858974,52.473054,281,1.091,404.26
2015-W12,213.083333,3.71131,680.373095,8.339286,32.440476,267.6,1.0836,401.48
2015-W13,193.490446,4.36879,681.932774,8.859355,26.393548,277.857,1.320857,401.67
2015-W14,240.339286,3.031548,679.959821,6.238554,41.886905,276,1.241,402.625
2015-W15,194.267081,3.340373,678.745786,5.603774,48.226415,292.143,1.380429,404.2825
2015-W16,167.25,3.578571,680.016488,6.58631,47.619048,290.714,1.300143,405.2575
2015-W17,189.440476,5.219048,679.995179,10.047024,22.982143,285.143,1.319143,403.4725
2015-W18,139.577381,4.683929,679.55875,7.516667,32.494048,293,1.323714,404.6025
2015-W19,154.761905,3.658333,679.258571,9.078571,25.029762,293.167,1.183167,404.535
2015-W20,145.232143,3.770833,679.494107,6.118563,43.779762,290.571,1.424,404.5625
2015-W21,213.696429,4.54881,679.839107,9.070238,27.452381,292.143,1.289,404.4025
2015-W22,262.505952,5.044048,678.789286,10.601786,31.60119,282.857,1.426857,403.4525
2015-W23,192.714286,3.206548,680.909524,8.544643,43.440476,264.714,1.397571,404.0625
2015-W24,198.85119,3.139881,678.626012,7.469643,41.845238,289.167,1.368667,404.05
2015-W25,169.02381,5.191667,680.51994,11.875,25.809524,282.4,1.0194,402.055
2015-W26,158.190476,2.84881,680.985298,10.7,36.017857,288.714,1.293857,402.715
2015-W27,141.863095,3.321429,680.45875,8.783929,46.97619,277.714,1.524571,402.25
2015-W28,157.196429,3.055952,681.140119,9.670238,52.52381,276.333,1.284667,401.3425
2015-W29,169.482143,5.883333,680.723393,10.420238,41.446429,274.429,1.313714,402.325
2015-W30,178.39881,3.013095,680.396548,9.074405,48.72619,269.429,1.389857,397.645
2015-W31,126.785714,4.206548,680.999226,11.286905,38.732143,267.286,1.311571,399.85
2015-W32,166.607143,3.844048,680.449464,9.710714,65.678571,269.5,1.6065,398.285
2015-W33,153.130952,3.054762,681.076726,8.907738,66.547619,266.25,1.17625,399.2925
2015-W34,204.636905,3.607143,680.342024,9.092857,69.970238,262.5,1.4235,399.65
2015-W35,173.732143,2.505357,680.406667,9.235714,71.535714,257.25,1.34825,399.06
2015-W36,214.815476,2.89881,679.608036,8.80119,73.982143,263.286,1.609,399.0475
2015-W37,174.470238,3.310119,680.152143,9.99881,57.446429,258.333,1.652833,397.7075
2015-W38,174.613095,3.504167,680.138631,8.66131,59.440476,264.143,1.404571,397.18
2015-W39,183.922619,3.643452,679.641845,8.475,64.607143,262.4,1.1652,397.2925
2015-W40,193.690476,3.352976,678.369643,8.959524,52.470238,267.6,1.1398,397.48
2015-W41,201.5,2.9875,678.885417,9.672024,49.547619,257,1.373143,398.1175
2015-W42,140.107143,3.383929,681.300833,8.85,53.583333,264.429,1.427,398.175
2015-W43,159.541667,4.527976,680.592321,9.354167,35.029762,254.714,1.439429,398.94
2015-W44,174.535714,3.565476,680.981548,10.098214,33.160714,245.429,1.508571,399.3525
2015-W45,149.672619,7.257143,681.320833,9.847619,18.833333,249.286,1.558429,399.15
2015-W46,161.857143,5.626786,680.642679,6.479167,59.839286,256,1.536,399.77
2015-W47,191.52381,4.391071,679.39381,7.861905,54.095238,240.143,1.592429,400.655
2015-W48,213.14881,3.706548,679.997619,8.605357,47.613095,245.5,1.573833,400.7975
2015-W49,137.535714,4.490476,682.303929,10.066667,13.869048,248.571,1.532571,400.645
2015-W50,171.279762,9.866667,681.856369,9.272619,11.119048,249.75,1.38625,401.5725
2015-W51,148.130952,7.485714,679.595298,6.091071,33.952381,256.429,1.551,402.9125
2015-W52,169.065476,7.93631,679.329524,4.920238,49.559524,248.167,1.741667,402.2625
2015-W53,213.005952,3.607143,679.822798,6.672455,27.821429,243.143,1.649857,401.7825
2016-W01,260.041667,4.520833,680.244762,7.425595,12.458333,245.571,1.552571,402.37
2016-W02,254.14881,4.370833,680.306607,8.446429,15.35119,239.286,1.527429,405.58
2016-W03,217.89881,3.360119,682.1175,9.228571,20.315476,247.143,1.603286,402.6425
2016-W04,190.767857,4.455952,682.042738,10.286905,13.654762,246.143,1.491,404.105
2016-W05,166.910714,4.260119,679.87869,8.002381,20.577381,240.2,1.2556,403.3675
2016-W06,213.833333,4.416667,679.824226,8.027976,14.946429,236.857,1.439143,404.97
2016-W07,159.958333,3.903571,679.238095,9.254762,9.904762,238.857,1.529714,403.305
2016-W08,201.107143,5.308333,679.870417,9.422619,16.779762,249.143,1.515857,404.6125
2016-W09,232.35119,4.432143,680.49881,9.595238,17.988095,244.143,1.373714,404.615
2016-W10,197.375,3.291667,681.169048,9.105357,20.9875,250,1.354571,403.62
2016-W11,223.047619,3.076786,679.763869,7.076786,30.071429,264.857,1.366143,405.415
2016-W12,209.809524,3.727381,678.717798,6.072619,50.125,268.429,1.388429,406.0775
2016-W13,259.327381,6.107738,680.738929,10.37381,12.97619,250,1.3625,406.71
2016-W14,167.589286,3.635714,681.236369,9.5125,27.636905,253.286,1.367429,406.7575
2016-W15,180.434524,5.735119,680.659167,8.577976,21.238095,267.143,1.303714,408.6475
2016-W16,184.75,3.5125,680.411905,9.583929,29.196429,269.857,1.308429,407.57
2016-W17,135.041667,4.322619,681.304821,9.877976,20.160714,278.8,1.0288,407.5525
2016-W18,150.702381,3.961905,681.305417,10.502976,24.761905,279,1.295143,408.3025
2016-W19,219.380952,2.6375,679.942083,8.047024,47.488095,264,1.595,408.5425
2016-W20,179.761905,3.738095,680.964881,9.821429,28.10119,282.714,1.292429,407.2925
2016-W21,171.315476,2.603571,680.71006,6.725,55.315476,271.429,1.195571,408.2725
2016-W22,268.14881,3.92619,679.232143,9.639286,38.327381,276,1.458857,407.215
2016-W23,180.267857,3.131548,681.005476,10.458929,38.279762,274.833,1.181167,407.7025
2016-W24,149.202381,5.188095,681.675833,9.7875,34.27381,268.857,1.302714,407.4025
2016-W25,181.630952,2.77619,680.771845,9.572619,33.392857,269,1.308857,406.5325
2016-W26,164.857143,6.980357,681.888571,9.324405,39.791667,266,1.13775,405.43
2016-W27,150.095238,3.279762,681.399821,10.110119,32.732143,262,1.353667,405.26
2016-W28,145.696429,2.567262,680.58869,8.191667,47.178571,261.857,1.458857,404.655
2016-W29,148.660714,4.472024,680.528631,8.651786,65.5,266,1.27275,403.97
2016-W30,150.369048,6.810119,681.191548,9.145833,40.488095,270.8,1.2076,404.0675
2016-W31,182.732143,4.296429,681.377321,9.01369,51.02381,263.857,1.305714,403.5875
2016-W32,148.619048,5.104167,681.740119,10.064286,40.315476,267.167,1.182,403.2275
2016-W33,198.863095,3.827976,680.304405,9.57381,46.154762,261,1.298286,401.4375
2016-W34,160.392857,2.924405,681.063393,8.657738,63,261.667,1.561,402.15
2016-W35,163.39881,5.039881,680.890536,8.422024,64.952381,260,1.5055,400.3275
2016-W36,161.880952,3.407738,680.074524,8.632738,40.970238,259.333,1.367,399.605
2016-W37,215.125,2.674405,681.565298,8.645238,62.315476,264.8,1.3864,400.585
2016-W38,163.345238,3.674405,680.998214,9.504167,45.375,258.714,1.376714,400.89
2016-W39,160.204819,3.970482,680.40012,7.928313,46.86747,253.714,1.398286,400.405
2016-W40,192.315476,2.525,680.656071,7.072619,65.315476,259.333,1.443833,401.0875
2016-W41,131.797619,5.952381,681.743452,10.3375,23.238095,258.429,1.376143,401.4475
2016-W42,168.172619,5.580952,680.602262,8.404167,41.035714,254.714,1.403429,401.8975
2016-W43,142.39881,4.304167,680.511726,9.273214,28.160714,254.857,1.422143,402.2025
2016-W44,146.678571,4.669048,681.548571,9.363095,18.845238,257,1.475857,402.6075
2016-W45,192.916667,2.570238,681.546786,7.931548,32.964286,249.2,1.3974,403.1375
2016-W46,150.452381,8.633333,680.800238,8.944643,12.202381,248.571,1.502143,405.34
2016-W47,172.934524,6.319643,680.682798,8.154167,15.261905,247.429,1.607,403.975
2016-W48,156.520958,7.683333,678.710952,4.764881,47.5,255.333,1.447,404.0575
2016-W49,202.184524,3.969643,678.805774,6.59881,75.738095,244.167,1.603833,403.5
2016-W50,230.458333,9.159524,675.452083,5.355952,43.285714,249.25,1.41125,405.7875
2016-W51,160.813253,6.576506,681.276325,7.110843,36.349398,251.714,1.563,404.565
2016-W52,189.845238,6.796429,677.800476,4.793865,32.27381,256.571,1.788571,404.8425
2017-W01,241.994048,5.521429,677.243274,5.274405,35.946429,246.286,1.630857,405.8375
2017-W02,195.119048,3.474405,680.95619,6.227273,37.077381,236.143,1.55,405.4425
2017-W03,158.035714,9.467262,681.77503,8.106587,15.790419,235.667,1.647333,406.2225
2017-W04,185.029762,4.495238,680.458631,6.480745,26.869048,231.429,1.507,408.815
2017-W05,217.339286,4.589881,677.929643,5.177976,21.607143,233.2,1.2604,406.3825
2017-W06,251.988095,11.473214,676.612738,7.767262,26.547619,239.143,1.439429,406.01
2017-W07,218.035714,4.145833,682.280774,7.972619,32.303571,224.286,1.428571,406.125
2017-W08,195.184524,3.913095,679.358393,3.543651,38.196429,247,1.439667,407.705
2017-W09,209.452381,5.654167,677.856488,4.630357,58.636905,265,1.23025,407.3675
2017-W10,253.516393,6.010656,678.412787,5.427049,48.983607,252.2,1.1636,407.03
2017-W11,189.375,3.297222,681.309722,9.1375,37.777778,247,1.342571,407.2825
2017-W12,164.940476,5.972024,683.072619,8.292262,33.869048,258,1.0848,407.02
2017-W13,156.767857,4.781548,680.776429,8.62619,17.422619,256.714,1.315429,408.64
2017-W14,157.720238,6.82381,681.725119,11.019048,17.940476,263.5,1.192333,408.67
2017-W15,232.160714,4.171429,679.245417,6.784524,41.660714,280,1.279,408.9675
2017-W16,162.166667,3.092857,680.514226,7.318452,42.345238,280,1.330714,410.9625
2017-W17,198.017857,5.495833,678.99631,8.042857,30.077381,296,1.300286,409.1675
2017-W18,171.666667,5.157738,681.411667,7.502976,48.571429,282,1.413833,411.895
2017-W19,162.833333,4.029762,680.727202,7.542262,37.059524,276.143,1.294571,409.8575
2017-W20,141.214286,3.745833,679.72756,7.192262,41.083333,290.143,1.308571,410.3475
2017-W21,189.839286,4.114881,679.356786,8.34881,30.089286,293.714,1.287429,410.28
2017-W22,177.315476,3.4375,681.711131,10.318452,27.869048,289.333,1.335667,409.6125
2017-W23,130.60119,4.592262,681.918631,11.533929,22.119048,277.286,1.291,410.0725
2017-W24,144.5,3.464286,681.679821,9.979167,37.565476,276.286,1.291429,409.7725
2017-W25,137.369048,4.120833,680.67125,12.400595,19.27381,271,1.297,408.2675
2017-W26,137.940476,6.139286,681.37369,10.441667,17.553571,271,1.290286,408.5575
2017-W27,148.089286,6.065476,682.249345,9.656548,27.630952,264.286,1.430571,407.6075
2017-W28,180.511905,3.333929,681.726607,8.439286,44.22619,268.667,1.283167,407.3675
2017-W29,154.958333,4.51369,680.913452,10.079167,30.589286,273.429,1.290429,406.8825
2017-W30,145.715278,5.113194,681.576736,10.035417,37.118056,268,1.328571,406.925
2017-W31,163.994048,4.050595,682.223631,10.367857,30.577381,263.857,1.298429,406.015
2017-W32,123.589286,4.345833,682.481429,11.500595,21.333333,263.571,1.289,405.89
2017-W33,130.494048,3.556548,680.722619,10.140476,29.892857,264.714,1.293857,405.4525
2017-W34,147.511905,5.045238,681.119762,9.791071,34.357143,259.571,1.568571,404.3775
2017-W35,136.797619,4.716071,681.315476,9.108929,44.309524,261.429,1.334714,404.2875
2017-W36,207.940476,3.263095,681.032321,8.441667,52.97619,263.857,1.521857,403.775
2017-W37,212.125,3.735714,680.58256,10.290476,35.357143,261.857,1.318286,403.5025
2017-W38,196.571429,4.592857,680.441607,8.041071,48.940476,262.714,1.379857,402.8275
2017-W39,175.625,3.970238,679.976667,8.542262,36.130952,262.571,1.348857,402.4375
2017-W40,172.392857,4.233929,679.798393,9.031548,36.380952,257.714,1.353286,402.975
2017-W41,168.363095,3.152976,679.587381,9.499405,47.422619,262.714,1.583571,403.5575
2017-W42,145.875,5.627976,680.70494,9.098214,19.440476,257.714,1.410429,404.285
2017-W43,221.089286,3.525595,678.674048,9.14881,59.815476,261.25,1.4445,404.845
2017-W44,159.190476,4.20119,680.744167,8.016667,49.136905,253.4,1.3264,404.495
2017-W45,164.696429,5.323214,679.869524,9.284524,27.744048,256.5,1.2755,404.1225
2017-W46,259.02381,6.839881,677.473095,5.479762,39.880952,249.2,1.284,404.9475
2017-W47,222.119048,4.847619,677.098393,4.674251,25.029762,267.333,1.344667,406.0475
2017-W48,159.49697,4.693939,679.950121,5.767879,68.939394,243,1.562,406.9
2017-W49,247.917241,4.242069,678.896345,5.781379,27.827586,261,1.4084,407.195
2017-W50,245.017857,4.760714,676.750476,5.257407,24.577381,257.2,1.4698,406.1875
2017-W51,217.452381,3.266667,677.072917,4.592857,58.035714,262,1.617667,406.585
2017-W52,197.535714,5.028571,678.617857,5.977976,24.505952,259.667,1.389333,407.0425
2018-W01,147.083333,5.206548,681.270952,7.380952,16.369048,264,1.37525,406.9175
2018-W02,195.184524,4.276786,680.203571,5.738922,35.494048,248.4,1.3526,408.41
2018-W03,164.035714,6.840476,681.154583,7.007738,23.291667,258.167,1.554,408.085
2018-W04,221.517857,3.968452,676.816786,3.928571,68.083333,259.333,1.623167,408.8725
2018-W05,246.488095,6.503571,676.404643,4.947619,45.25,254,1.388333,408.8875
2018-W06,248.095238,6.002381,674.200833,3.514286,42.458333,268.286,1.519286,408.2825
2018-W07,214.297619,4.674405,677.542262,6.756548,41.202381,261.571,1.420857,408.3625
2018-W08,230.657534,5.012329,678.519521,4.499315,69.794521,255.2,1.6858,408.9975
2018-W09,175.35119,3.435714,679.993214,7.347619,47.22619,258.143,1.372429,409.475
2018-W10,265.22619,5.865476,675.844405,4.459036,36.553571,276.143,1.528,409.1425
2018-W11,201.642857,3.152381,679.224464,5.774405,76.809524,267.6,1.8828,408.9125
2018-W12,264.363095,5.308333,677.036012,5.004167,76.113095,272.333,1.477833,409.39
2018-W13,187.928571,6.197619,677.700298,5.539286,44.690476,275.6,1.1338,410.84
2018-W14,236.845238,5.260119,679.656964,8.102381,64.5,269,1.532857,409.47
2018-W15,180.220238,4.785119,680.720952,6.073214,65.72619,284.143,1.423714,410.4025
2018-W16,168.625,2.964881,680.391012,6.483333,56.946429,270.333,1.573833,410.3625
2018-W17,187.52381,3.367857,679.170476,7.832738,36.89881,289.2,1.1584,412.5
2018-W18,222.303571,5.365476,680.942321,8.47381,62.809524,258.25,1.24925,408.92
2018-W19,218.10119,2.575,681.660119,8.499405,53.690476,275.286,1.372857,411.8625
2018-W20,197.071429,3.364881,680.579048,8.070833,37.77381,285.429,1.439,412.3425
2018-W21,143.815476,3.507143,681.498214,11.582738,27.940476,270.333,1.171167,410.53
2018-W22,158.869048,4.285714,680.45631,11.378571,28.571429,278.667,1.075,412.105
2018-W23,181.583333,5.791071,682.181548,9.62381,33.291667,288.714,1.320286,411.415
2018-W24,155.904762,3.385714,680.324226,8.744048,31.85119,285.286,1.344,410.58375
2018-W25,126.059524,5.397024,680.723393,11.261157,38.208333,274.714,1.317286,409.7525
2018-W26,135.904762,6.057143,680.57131,8.9875,32.308333,268.286,1.299143,411.46
2018-W27,130.392857,4.254762,679.971012,8.3125,51.589286,282,1.4164,410.015
2018-W28,177.446429,3.339881,681.372024,9.136905,46.619048,272.143,1.321429,409.065
2018-W29,153.654762,5.20119,681.447619,10.239881,41.535714,271.8,1.0652,409.2575
2018-W30,146.60119,4.268452,682.376964,10.134524,46.446429,263.2,1.0818,408.715
2018-W31,163.196429,4.576786,681.645179,9.32381,49.922619,271.571,1.341429,407.7475
2018-W32,132.279762,6.421429,680.973869,10.316071,44.14881,269.5,1.534,407.65
2018-W33,176.431138,4.416766,681.877262,8.156548,63.005952,268,1.295,407.38
2018-W34,153.077381,6.798214,680.177024,8.541071,71.958333,264,1.554,407.405
2018-W35,211.464286,2.571429,679.249762,7.970238,64.922619,264.333,1.546167,406.7025
2018-W36,181.571429,3.42619,679.953214,8.231548,64.404762,255.714,1.527714,406.3325
2018-W37,202.952381,3.102381,680.064643,7.992857,62.720238,259.714,1.363857,405.525
2018-W38,145.160714,4.789881,679.738452,9.75119,41.696429,256.857,1.421429,404.7175
2018-W39,173.535714,4.147024,681.052679,9.731548,53.47619,248.286,1.419429,405.53
2018-W40,145.125,3.591071,680.74625,9.031548,44.428571,251,1.393286,405.6375
2018-W41,248.559524,3.936905,679.162262,7.492262,72.184524,251.857,1.367143,405.825
2018-W42,225.017857,2.998214,679.550119,6.505952,73.571429,254.167,1.585833,406.13
2018-W43,148.363095,3.552381,680.520417,6.98631,69.25,248,1.467286,406.815
2018-W44,183.089286,2.951786,680.64875,7.178571,67.113095,246.429,1.463,407.0775
2018-W45,218.85119,3.460714,678.259583,5.611905,62.892857,247.143,1.503429,406.905
2018-W46,177.791667,3.49881,679.858929,7.25,29.696429,244.857,1.584429,409.05
2018-W47,199.261905,2.880357,681.13744,6.388095,37.982143,242.714,1.837571,408.335
2018-W48,163.702381,4.242262,680.379107,7.669048,31.636905,227,1.528714,408.7225
2018-W49,166.720238,5.407143,679.871845,6.471429,20.892857,229.286,1.621857,408.7675
2018-W50,126.708333,8.310714,682.495833,7.292262,10.464286,235.429,1.550429,410.0175
2018-W51,161.065476,6.13631,680.641667,7.844643,13.035714,225.714,1.561286,409.2075
2018-W52,185.315476,5.027976,678.61631,4.927381,63.845238,224.714,1.849571,409.4025
2019-W01,140.583333,7.216071,680.483631,9.939286,8.40625,217.714,1.804143,410.105
2019-W02,185.529762,3.827976,680.933869,8.510714,15.065476,215.8,1.3992,411.5675
2019-W03,197.72619,4.221429,679.804881,7.133333,16.857143,223.571,1.531143,410.0775
2019-W04,173.482143,4.329167,678.457976,6.149405,20.761905,221.286,1.58,414.0375
2019-W05,170.559524,4.441667,674.900952,3.669853,55.791667,223,1.481714,411.7925
2019-W06,229.14881,7.219048,674.817083,4.303597,38.720238,225.714,1.453857,412.16
2019-W07,245.595238,6.513095,672.134464,3.078409,45.279762,240.286,1.500571,412.225
2019-W08,218.119048,7.630952,677.955298,5.707143,70.690476,238.8,1.482,411.065
2019-W09,257.625,6.395833,677.443571,4.154054,31.654762,240.8,1.2328,424.86
2019-W10,231.845238,3.374405,679.464167,5.751534,23.529762,243.2,1.127,411.9275
2019-W11,212.089286,4.269643,679.226905,5.884663,31.107143,258.857,1.349714,413.17
2019-W12,193.89881,3.464286,680.426429,8.596429,20.565476,241.833,1.2215,413.26
2019-W13,247.910714,5.064881,678.332798,6.259756,29.928571,259.714,1.328571,411.105
2019-W14,181.041667,5.536905,681.308095,7.75119,31.892857,251.857,1.450143,412.865
2019-W15,151.755952,5.205357,680.062857,4.847904,58.392857,272.857,1.356143,412.2275
2019-W16,138.684524,5.4375,680.608274,7.153012,24.994048,270.571,1.310857,413.9775
2019-W17,176.041667,4.17619,680.428988,8.234524,35.577381,270.286,1.302143,414.705
2019-W18,177.886905,7.005952,677.583214,5.533929,63.464286,284.833,1.243,414.8425
2019-W19,207.797619,5.345238,678.7825,10.214286,27.27381,272.429,1.291571,414.6725
2019-W20,130.363095,5.275595,682.487321,9.227976,41.053571,267,1.289429,415.325
2019-W21,131.945783,4.869277,682.166429,11.122619,25.720238,264.857,1.317714,415.2025
2019-W22,189.535714,3.806548,681.345476,7.705357,44.857143,281,1.452429,414.595
2019-W23,177.416667,3.046429,680.76631,7.190476,63.946429,271.857,1.315143,414.545
2019-W24,144.464286,4.191071,681.030833,8.982738,32.440476,276.714,1.295571,414.4875
2019-W25,175.529762,3.642857,681.324405,9.6125,47.85119,267.143,1.301143,414.615
2019-W26,188.035714,3.51131,681.226012,10.1625,55.380952,267.143,1.329286,413.8375
2019-W27,125.904762,3.856548,681.229167,10.009524,39.386905,268.714,1.437714,413.49
2019-W28,142.089286,5.316071,681.326607,8.382738,58.458333,271.333,1.5275,411.7575
2019-W29,133.107143,5.657143,681.476964,10.185119,34.196429,270.286,1.313857,412.5425
2019-W30,151.029762,3.335119,681.701786,9.127976,52.708333,262.143,1.331429,411.3725
2019-W31,165.22619,5.292857,681.091667,8.357143,73.285714,256.25,1.29,410.245
2019-W32,130.934524,3.748214,682.2,8.850595,68.577381,257,1.510333,410.21
2019-W33,160.357143,4.319048,681.886726,10.027381,31.27381,261.714,1.303429,410.6575
2019-W34,160.97619,5.928571,681.806071,10.598214,41.708333,266,1.356429,409.3675
2019-W35,160.583333,3.775595,681.401012,8.935714,52.309524,263.857,1.317571,409.575
2019-W36,188.494048,4.289286,681.23119,8.09881,66.017857,255.571,1.793571,408.59
2019-W37,198.619048,3.131548,681.294821,7.966071,69.059524,249.571,1.668571,408.9825
2019-W38,137.386905,3.707143,680.927381,9.664881,54.821429,244.143,1.456714,408.4175
2019-W39,130.10119,4.130952,681.391905,9.675,49.964286,248.571,1.381286,408.6275
2019-W40,140.946429,5.711905,679.650298,8.502976,33.327381,253,1.1592,408.42
2019-W41,178.928571,5.596429,680.431667,9.482738,44.238095,246.5,1.449167,409.2575
2019-W42,132.386905,5.071429,681.592857,9.245238,41.559524,250.714,1.526571,408.68
2019-W43,170.261905,3.097024,680.6025,7.935119,43.970238,249,1.377167,409.3666667
2019-W44,211.202381,4.201786,678.337679,8.093452,39.065476,256.857,1.488,408.9675
2019-W45,201.291667,3.702976,679.815238,7.694048,39.97619,252.571,1.494857,409.58
2019-W46,188.577381,2.821429,681.206369,7.538095,51.14881,241.429,1.625,410.28
2019-W47,175.315476,4.682738,679.370238,5.0875,70.553571,253.429,1.572714,410.37
2019-W48,191.113095,4.560714,680.09125,6.973214,49.970238,247.286,1.710571,410.8975
2019-W49,238.880952,3.974405,678.815179,6.016071,55.285714,248.167,1.799,411.665
2019-W50,143.422619,5.729762,680.959881,8.154762,27.119048,240.857,1.562286,411.31
2019-W51,146.672619,6.750595,679.61369,6.336905,32.363095,243,1.556,411.8425
2019-W52,183.767857,5.168452,679.80756,8.332143,42.107143,242,1.768,413.0175
2020-W01,138.928571,7.164286,681.472321,5.608929,30.297619,255.429,1.634571,412.9875
2020-W02,125.945122,8.472561,678.315417,3.042405,69.517857,261.75,1.5105,413.825
2020-W03,207.639752,4.063975,678.383452,5.386905,67.60119,258.571,1.647286,412.57
2020-W04,160.410714,3.789881,681.40494,6.555357,24.89881,263,1.592286,415.0075
2020-W05,180.672619,4.419048,680.844226,7.485802,25.095238,264.571,1.654143,413.015
2020-W06,221.994048,6.841667,675.355536,4.69404,33.380952,263.143,1.460857,414.1666667
2020-W07,198.666667,8.005085,675.532917,6.082927,58.672619,291.143,1.430714,413.4875
2020-W08,146.440476,7.406548,680.666845,7.993452,6.428571,272.429,1.532286,413.7675
2020-W09,123.97006,4.275595,679.623095,5.055814,34.797619,279.429,1.442286,413.9925
2020-W10,179.005952,5.21131,679.755893,4.482803,47.73913,273.667,1.434333,413.95
2020-W11,250.238095,5.705952,678.539583,5.727381,34.203593,270.833,1.271167,414.5475
2020-W12,210.972028,3.534965,680.51244,4.945833,73.291045,290,1.461833,414.33
2020-W13,176.22619,4.57381,679.836726,5.528313,40.60479,275.167,1.2275,415.485
2020-W14,234.928571,2.630357,677.968333,3.46625,75.823899,277.75,1.59175,415.905
2020-W15,241.083333,5.717262,678.885357,6.504167,42.925466,286.333,1.238333,415.155
2020-W16,136.857143,4.197024,681.577738,6.326786,40.625,287,1.407667,416.335
2020-W17,133.556886,4.688024,681.201488,9.881548,20.964286,274,1.298857,416.47
2020-W18,151.184524,4.504167,682.838095,11.053571,18.880952,281.143,1.293143,416.065
2020-W19,203.654762,3.033929,680.468274,6.177976,46.089744,276.714,1.358571,416.77
2020-W20,221.011905,4.7875,681.279167,7.878571,40.446429,282,1.352571,416.86
2020-W21,146.833333,3.995238,681.336012,10.223214,24.541667,279.167,1.176,417.5175
2020-W22,116.095238,4.144048,682.67744,10.864286,25.541667,271,1.434143,417.4825
2020-W23,135.214286,6.225595,681.817024,11.273214,31.720238,275.286,1.293857,392.75
2020-W24,163.666667,5.810119,682.363571,9.945238,22.14881,271.857,1.292143,416.5275
2020-W25,146.625,5.425,681.655476,9.899405,22.52381,273.571,1.294429,416.445
2020-W26,179.779762,3.950595,681.117798,9.804762,33.163636,272,1.304571,415.7775
2020-W27,137.767857,3.932143,681.135536,10.554167,29.246914,268.429,1.433857,415.5825
2020-W28,145.065476,5.2125,681.408571,9.278571,28.696429,264.667,1.215,415.7975
2020-W29,159.64881,6.327381,681.140238,8.723214,44.821429,262.286,1.349571,414.78
2020-W30,185.380952,4.792857,681.14756,8.395238,45.72327,262.6,1.05,413.8575
2020-W31,118.72619,5.275,681.290536,10.94881,22.567901,268,1.297571,414.0175
2020-W32,132.238095,6.667857,682.593988,9.886905,36.928571,267.571,1.304571,412.6
2020-W33,160.339286,3.323214,680.801964,8.514881,45.474684,262.429,1.300143,411.9325
2020-W34,158,5.322619,681.336488,9.36369,38.272727,261.857,1.297286,412.37
2020-W35,131.422619,7.49881,680.4225,9.910714,24.267857,257.429,1.304429,412.725
2020-W36,171.470238,4.135119,681.14244,9.660714,37.963855,259,1.332429,411.84
2020-W37,168.964286,3.847024,681.238869,9.010119,37.753012,254.143,1.479714,411.0875
2020-W38,108.125,4.057143,681.593333,9.099405,30.095238,255.143,1.322429,411.8125
2020-W39,148.375,4.514286,681.554583,8.567857,34.544776,257.286,1.491429,411.2425
2020-W40,145.75,4.653571,680.402619,8.018452,46.207792,254.429,1.601857,411.33
2020-W41,163.053571,4.960119,680.698631,8.768452,29.678571,253.857,1.367857,411.45
2020-W42,164.452381,2.856548,680.350536,8.539286,43.310127,249.857,1.508571,411.34
2020-W43,211.565476,2.947619,680.021548,7.713095,44.018868,259.571,1.423857,411.445
2020-W44,198.232143,6.868452,679.569881,7.17619,51.17284,256.571,1.461571,412.0275
2020-W45,166.881988,3.50559,682.046726,9.067262,38.300613,246.143,1.542429,411.43
2020-W46,145.232143,6.728571,681.724345,6.272619,43.158537,261.714,1.596,412.865
2020-W47,163.232143,7.228571,681.659048,7.225595,51.808642,257.667,1.4105,412.465
2020-W48,181.464286,3.550595,680.38494,4.781437,55.402597,259.286,1.761,413.705
2020-W49,166.297619,4.789881,680.830238,7.096667,57.208333,243,1.540571,413.8575
2020-W50,136.10119,6.733333,680.95244,7.85119,38.153303,244.286,1.633714,413.1775
2020-W51,132.255952,4.647024,679.2325,5.010714,38.153303,258.429,1.659143,413.86
2020-W52,154.214286,4.54881,680.761488,6.746429,38.153303,253.143,1.737571,414.2
2020-W53,135.196429,7.205952,681.032798,5.047024,38.153303,260.714,1.646143,415.5225
2021-W01,150.404762,5.326786,680.923452,6.732143,38.153303,257,1.545571,414.975
2021-W02,172.447853,5.155215,679.851726,6.371429,38.153303,245.333,1.570167,415.0075
2021-W03,154.970238,5.394643,677.764762,4.152381,38.153303,254.571,1.618,415.7375
2021-W04,149.952381,6.954762,678.696667,3.847205,38.153303,259,1.553833,415.8875
2021-W05,202.404762,4.605952,675.095238,3.716814,38.153303,250.571,1.521,416.08
2021-W06,171.64881,6.096429,677.822262,5.639333,38.153303,249.143,1.442714,417.665
2021-W07,185.738095,4.148214,680.448393,4.780952,38.153303,251.833,1.726667,415.9275
2021-W08,175.813793,5.434483,678.659048,3.961644,38.153303,274.333,1.321,416.8675
2021-W09,177.559091,4.585542,678.26369,3.080909,38.153303,297.714,1.470714,419.2125
2021-W10,177.559091,4.585542,678.911607,2.621429,38.153303,267.286,1.794571,416.3275
2021-W11,209.188525,3.603279,678.980119,3.002055,38.153303,274.857,1.446714,417.38
2021-W12,191.596154,4.789103,678.673333,4.898101,20.055556,277.167,1.273667,418.7575
2021-W13,251.660714,3.320238,677.80381,4.746012,60.895706,280.857,1.488857,417.165
2021-W14,268.125,4.004762,677.459107,4.917391,26.886905,285.5,1.365,418.755
2021-W15,252.181818,3.603636,677.323452,5.69931,39.445122,285.714,1.387143,419.25
2021-W16,178.206061,4.931515,680.180298,6.792262,39.260606,296,1.378429,417.225
2021-W17,191.214286,4.591071,679.978155,7.910119,33.702381,276.143,1.380857,419.75
2021-W18,207.369048,3.798214,680.13006,6.741071,45.433121,275,1.437571,420.075
2021-W19,167.821429,4.222619,680.025476,7.366071,40.863095,289.143,1.312429,418.87
2021-W20,173.964286,3.944643,680.41631,6.73631,45.208333,293.8,1.0688,419.7275
2021-W21,201.595238,3.163095,681.296012,6.000595,61.184524,283.571,1.481286,418.835
2021-W22,124.916667,3.955952,681.546786,9.594048,35.654762,271.857,1.431571,417.4425
2021-W23,152.732143,5.701786,682.278393,9.078571,26.684524,276.714,1.436429,418.105
2021-W24,204.22619,4.209524,680.872202,6.604762,46.988095,272.571,1.450571,419.4125
2021-W25,134.970238,2.988095,682.115119,10.858333,35.727273,271,1.297714,418.5975
2021-W26,120.25,6.817857,681.037738,10.209524,23.910714,278.286,1.305286,418.235
2021-W27,191.315476,3.717857,681.053452,10.16131,29.017857,267.2,1.2274,417.56
2021-W28,139.64881,6.254167,681.270179,10.18631,25.142857,279.286,1.300714,417.4825
2021-W29,141.184524,4.454762,682.487083,9.905357,38.702381,273,1.404,416.365
2021-W30,170.630952,5.417262,682.4425,8.98869,57.827381,264.714,1.654286,415.525
2021-W31,139.244048,4.947619,682.709167,10.493452,28.440476,266.429,1.308286,415.0025
2021-W32,139.833333,4.374405,682.060893,8.056548,48.319277,264,1.609857,414.72
2021-W33,171.089286,4.125595,680.803929,8.453571,38.874251,269.286,1.437571,414.195
2021-W34,174.095238,3.320833,679.868452,8.455357,44.613095,267.143,1.440714,413.95
2021-W35,153.529762,3.33869,680.461964,8.741667,39.447205,265.143,1.366857,412.345
2021-W36,200.470238,3.185714,680.814881,7.927381,42.321429,269.286,1.449143,412.98
2021-W37,134.428571,3.514286,681.06119,8.810714,41.345455,267.429,1.485714,413.1425
2021-W38,152.904762,6.041071,680.742321,10.305357,28.178571,267.143,1.343714,412.9725
2021-W39,164.345238,3.947024,681.194286,8.239286,44.916667,277.167,1.332167,413.5825
2021-W40,159.113095,6.043452,679.642083,7.814881,29.589286,269,1.1206,413.4075
2021-W41,209.077381,4.922024,681.405714,7.203571,52.755952,258.4,1.7582,413.575
2021-W42,199.279762,3.454762,681.58131,8.883929,30.428571,261.571,1.408571,414.2875
2021-W43,193.363095,3.954167,681.751548,8.688095,24.690476,256.143,1.424143,414.015
2021-W44,153.27381,6.179167,681.590357,9.133333,22.339286,261.286,1.449571,414.27
2021-W45,151.577381,4.053571,680.850536,7.992262,30.630952,254.143,1.569714,414.6175
2021-W46,166.803571,4.472619,680.976071,7.057143,55.494048,258.857,1.624429,414.6425
2021-W47,190.341317,4.023353,680.879524,6.653988,25.155689,262.714,1.702714,415.2825
2021-W48,201.077381,8.397619,675.689643,3.355556,78.654545,273.5,1.549,415.8925
2021-W49,160.475806,7.86371,680.289464,7.640476,30.25,257.2,1.6668,415.9625
2021-W50,163.946429,4.569643,679.286429,4.008633,57.125,269.167,1.484333,417.3025
2021-W51,206.313253,2.964458,676.60881,2.815753,64.238095,271,1.791167,417.22
2021-W52,194.821429,2.125,676.550298,3.434545,79.173077,267.75,1.541,417.9675
2022-W01,191.466667,2.542424,677.719107,4.05697,58.888199,246,1.398,417.495
2022-W02,200.815476,3.564881,679.864048,5.95,33.410714,251.6,1.3636,418.06
2022-W03,168.529762,2.97381,678.890119,5.97381,31.511905,256.25,1.3155,417.5525
2022-W04,134.345238,4.697024,680.072976,6.015287,20.255952,262,1.2874,419.4175
2022-W05,142.934524,4.22381,678.643988,4.943902,32.875,268.6,1.2686,419.0525
2022-W06,177.053571,4.056548,678.327024,5.542675,20.904762,259,1.2264,418.6
2022-W07,195.464286,3.290476,677.246429,3.8704,51.375,270.6,1.3826,419.8625
2022-W08,147.696429,6.218452,681.416369,8.96369,15.464286,272.75,1.15275,420.1175
2022-W09,242.755952,5.22381,678.957024,6.518452,24.666667,260.8,1.2296,419.0675
2022-W10,178.22619,4.09881,680.625,5.922024,37.297619,274.8,1.326,418.6025
2022-W11,183.369048,3.459524,681.841667,7.229762,38.767857,263.4,1.113,419.025
2022-W12,178.625,4.468452,680.30875,5.572619,39.982143,276.8,1.1588,417.885
2022-W13,142.988095,4.47381,679.884464,5.580952,45.559524,279,1.07525,420.255
2022-W14,236.77381,3.256548,679.905357,5.105952,72.285714,275.333,1.346667,419.7183333
2022-W15,194.349398,3.33253,679.916964,5.846429,54.783133,277.2,1.0676,420.2425
2022-W16,181.208333,3.432738,681.892321,7.826786,56.945783,260.218,1.376723,421.2266667
2022-W17,190.511905,3.757143,680.090774,8.557738,34.422619,260.218,1.376723,420.6333333
2022-W18,153.214286,3.445238,681.995488,5.520238,76.291667,285.8,1.2202,419.5016667
2022-W19,140.440476,5.417262,680.327798,8.269643,26.154762,282.6,1.1058,421.6383333
2022-W20,133.716981,3.018868,682.016964,7.689286,53.577381,287,1.021,421.978
2022-W21,177.541372,4.577926,680.371488,10.047024,26.904762,284.25,1.02525,421.1866667
2022-W22,93.27451,4.154902,680.885119,11.936905,19.297619,277.8,1.016,421.505
2022-W23,126.952381,6.156548,680.913333,10.180357,18.934524,278.4,1.0448,421.3775
2022-W24,136.136905,6.489881,680.765893,8.635119,31.595238,278.25,1.11,420.86875
2022-W25,114.565476,5.215476,679.750417,8.406548,27.946429,279.6,1.1054,420.8633333
2022-W26,150.636905,8.070833,681.105655,9.715476,24.315476,275.833,1.059,420.6
2022-W27,128.85119,4.439286,682.417381,10.696429,26.964286,275.4,1.0314,419.5383333
2022-W28,154.428571,6.430357,682.254643,10.11131,28.791667,276.4,1.0148,418.36
2022-W29,178.844311,4.402395,681.882976,8.478443,37.333333,275.6,1.1412,418.9425
2022-W30,180.702381,3.11131,681.773095,7.128571,45.303571,274,1.058833,417.85
2022-W31,196.738095,3.382143,679.863393,7.117262,50.314815,273.833,1.167333,418.4575
2022-W32,137.416667,6.072619,682.258452,8.960119,39.964286,266.667,1.1035,417.4225
2022-W33,158.880952,3.954167,681.367321,8.726786,39.083333,273,1.2025,416.2275
2022-W34,217.428571,2.936905,680.887321,7.601786,49.281437,269.4,1.04,416.71
2022-W35,168.25,3,681.042917,9.510714,34.061728,266.2,1.1374,415.9683333
2022-W36,144.678571,5.253571,679.833095,8.277976,36.792683,266.25,1.055,416.12
2022-W37,164.89881,2.939881,681.500774,8.171429,52.666667,264.2,1.1434,415.4716667
2022-W38,131.39881,3.356548,680.267262,9.677976,36.065476,256.2,1.1292,415.5783333
2022-W39,122.202381,4.883333,681.33631,10.300595,19.565476,265,1.1,415.3216667
2022-W40,211.25,2.943452,680.638869,6.645238,80.612121,259.4,1.312,415.18
2022-W41,239.720238,3.17381,681.636964,7.665476,66.553571,253.75,1.286,415.4475
2022-W42,157.214286,3.160714,680.787262,8.257738,36.39759,256.8,1.1806,415.9366667
2022-W43,158.625,5.165476,680.60881,7.530357,43.392857,261.8,1.2376,415.7533333
2022-W44,190.744048,4.180357,681.665476,5.889286,66.572289,258.5,1.395,416.1733333
2022-W45,154.85119,3.492262,680.137917,5.653293,33.392857,259.333,1.492333,416.835
2022-W46,166.994048,3.522619,680.191786,4.646951,47.690476,268.143,1.679714,417.0175
2022-W47,168.797619,5.141667,679.343393,5.847024,25.005988,255.286,1.700286,418.2475
2022-W48,212.888889,2.425926,680.047407,5.685185,86.576923,260.342,1.374224,418.565
2022-W49,177.363547,4.575361,680.307215,7.395435,38.24956,260.342,1.374224,418.8825
2022-W50,177.363547,4.575361,680.307215,7.395435,38.24956,260.342,1.374224,419.2
2022-W51,177.363547,4.575361,680.307215,7.395435,38.24956,260.342,1.374224,419.5175
2022-W52,28,1.5,680.307215,9.463636,38.24956,260.342,1.374224,419.9975
2023-W01,177.301338,4.57408,680.307215,7.396297,38.24956,260.342,1.374224,419.15
2023-W02,177.301338,4.57408,680.307215,7.396297,38.24956,260.342,1.374224,418.845
2023-W03,144.012987,3.818182,678.643766,5.218421,34.883117,260.342,1.374224,419.3875
2023-W04,161.154321,3.275309,677.748937,2.939552,65.972973,260.342,1.374224,420.515
2023-W05,164.116883,5.220779,679.639351,4.998701,52.168831,260.342,1.374224,420.0675
2023-W06,133.339286,8.713095,679.339345,3.214706,61.416667,260.342,1.374224,420.14
2023-W07,166.641791,3.932836,675.651045,3.884,70.530303,260.342,1.374224,423.3625
2023-W08,186.172414,3.286207,679.461897,5.366667,54.672414,260.342,1.374224,422.3025
2023-W09,140.97619,6.252976,676.814167,2.647959,78.871795,260.342,1.374224,421.2425
2023-W10,228.116279,9.544186,675.213256,3.65814,52.976744,260,1.195,420.1825
2023-W11,192.735294,3.908824,680.860588,9.555882,29.323529,244,1.167,421.14
2023-W12,179.577381,4.03869,681.121131,6.245783,50.345238,241,2.231,421.345
2023-W13,201.940476,3.099405,678.888869,6.1375,54.142857,273,1.151,421.345
2023-W14,199.530201,3,679.572349,5.550336,64.167785,271,1.209,422.99
2023-W15,189.916667,2.620833,678.554881,3.685065,69.15625,282,1.284,423.265
2023-W16,206.916667,4.110714,678.074146,4.460976,84.875,260.346,1.374221,423.37875
2023-W17,171.993333,3.33,679.095333,5.298,67.613333,260.346,1.374221,423.4925
2023-W18,194.089286,2.894643,678.089643,5.286826,55.196429,302,1.118,424.095
2023-W19,240.208333,4.058333,679.62881,7.079762,49.910714,293,1.123,424.59
2023-W20,234.013605,7.384354,679.887279,7.157143,56.197279,260.377,1.374011,424.355
2023-W21,198.880952,4.385119,679.526667,5.530357,63.724551,284,1.056,424.12
2023-W22,259.217822,3.165347,680.12369,5.709524,79.032967,280,1.5,424.73
2023-W23,111.85906,5.214094,681.11119,10.47381,30.765101,284,1.235,425.385
2023-W24,179.033557,3.863087,680.211845,8.413095,43.122449,260.404,1.373875,424.2075
2023-W25,171.209677,3.835484,680.660595,8.317857,31.829268,275,1.044,423.03
2023-W26,136.214286,4.882738,681.128155,9.302381,25.821429,282,1.314,421.82
2023-W27,153.303571,4.023214,681.814583,9.69881,30.636905,262,1.022,422.2975
2023-W28,158.434524,5.452976,680.165298,10.205952,21.636905,262,1.924,422.4025
2023-W29,164.732143,7.501786,682.264107,9.645833,44.730539,268,1.276,423.4575
2023-W30,141.309524,6.227381,682.923512,9.55,33.095238,266,1.218,420.815
2023-W31,118.964286,4.355952,682.016786,10.369048,28.839286,260.426,1.373692,420.67875
2023-W32,168.517857,6.770238,682.685476,9.407738,30.434524,265,1.028,420.5425
2023-W33,184.005952,2.955952,681.438988,8.243452,53.130952,260,1.199,418.785
2023-W34,184.357143,3.70119,679.607798,8.846429,40.464286,260.428,1.373478,419.1825
2023-W35,147.190476,5.085119,681.025238,9.656548,25.214286,255,1.146,419.3425
2023-W36,195.470238,2.582143,681.161667,8.108929,55.168675,260,1.123,419.81
2023-W37,129.517857,3.830952,681.949107,11.442262,29.797619,261,1.432,418.32
2023-W38,127.27381,4.022619,680.38375,10.572619,22.315476,255,1.786,418.7325
2023-W39,127.267857,5.426786,681.684464,9.768452,29.505952,259,1.142,418.875
2023-W40,156.619048,3.456548,680.750833,8.14881,41.869048,264,1.282,420.44
2023-W41,106,4.619643,681.403155,10.442857,23.60119,253,1.323,418.2625
2023-W42,120,4.619643,680.854167,8.854167,29.077381,267,1.186,419.4575
2023-W43,221.375,4.257738,682.189583,10.245238,36.589286,250,1.206,418.8625
2023-W44,179.25,5.014286,681.853929,9.997024,24.035714,253,1.371,418.8525
2023-W45,173,6.595833,680.787143,9.654167,16.892857,260.416,1.373176,419.195
2023-W46,145.083333,4.614286,680.613095,8.051786,15.613095,256,1.404,423.755
2023-W47,190.791667,2.857738,680.313571,7.292262,40.577381,260.415,1.373189,422.39375
2023-W48,188.267857,4.497619,679.387738,6.779167,62.08642,263,1.563,421.0325
2023-W49,171.458333,3.852976,680.262679,6.964881,29.160714,256,3.005,420.4
2023-W50,191.595238,3.606548,679.597679,7.180952,16.535714,244,1.559,422.0425
2023-W51,203.440476,3.59881,679.988571,7.261905,36.303571,235,1.517,421.7425
2023-W52,195.297619,3.505357,682.999226,8.961905,17.52381,240,1.638,421.75
2024-W01,192.107143,4.592262,681.39494,6.077381,26.75,248,1.976,422.3075
2024-W02,229.196429,10.486905,675.560714,6.06369,38.380952,236,1.373,422.885
2024-W03,226.14881,8.403571,678.454643,8.668452,21.958333,245,1.548,423.845
2024-W04,225.553571,8.948214,679.576071,10.776786,11.327381,260.367,1.374489,422.46
2024-W05,216.214286,7.568452,680.18381,10.564881,6.696429,227,2.38,423.2925
2024-W06,160.619048,5.53631,681.160238,7.155952,9.115854,248.2,1.848,426.04
2024-W07,247.35119,8.658333,678.999464,9.046108,13.494048,249.75,1.80525,424.2125
2024-W08,151.044872,2.671795,680.846859,7.183974,20.383117,244,1.976,424.6083333
2024-W09,211,3.414881,679.932024,4.666867,30.291667,258,1.9762,425.0041667
2024-W10,168.583333,3.426786,680.426607,4.083766,68.386905,268.75,1.8635,425.4
2024-W11,249.440476,4.917262,678.639881,5.998214,48.824242,263.75,1.977,425.06375
2024-W12,199.285714,4.948214,680.278988,6.367073,18.08642,268.286,1.863143,424.7275
2024-W13,127.64881,5.153571,682.555179,7.969643,45.339286,271.833,1.977,425.1075
2024-W14,189.755952,3.33631,680.022381,6.602976,29.821429,276.75,1.977,425.4875
2024-W15,241.60119,4.714881,679.99369,6.863095,50.922619,278.5,1.5965,425.8675
2024-W16,242.190476,8.863095,680.037321,8.824405,32.27381,279.167,1.976667,425.8525
2024-W17,185.279762,4.529167,681.336548,8.947619,21.012048,289.429,1.976571,425.8375
2024-W18,245.785714,3.356548,679.914286,7.670833,41.416667,290.167,1.821333,425.8225
2024-W19,253.208333,8.069048,678.799464,6.720238,49.267857,293.714,1.860429,425.8775
2024-W20,223.708333,4.396429,680.106548,6.722024,77.923077,286.6,1.976,426.255
2024-W21,171.571429,3.454167,681.96125,8.855357,62.184524,273.714,1.859571,426.6325
2024-W22,227.535714,3.136905,682.027619,9.860714,44.52381,276.6,1.8072,426.9525
2024-W23,198.845238,5.370238,683.185119,8.13869,55.10119,285.429,1.849714,427.6025
2024-W24,144.047619,4.870238,682.00756,11.420238,20.922619,275.429,1.861714,427.705
2024-W25,145.565476,7.129762,681.70494,11.441071,19.767857,272.286,1.849286,427.2975
2024-W26,143.595238,4.804167,681.14619,8.625,36.574074,279.286,1.851857,426.9075
2024-W27,127.821429,4.939286,681.449702,12.174405,22.422619,277,1.5095,425.3675
2024-W28,126.10119,9.302976,681.672976,10.592857,22.845238,265.167,1.854833,426.3325
2024-W29,124.309524,4.51369,682.008452,9.2625,38.916667,267.857,1.856714,426.06
2024-W30,164.166667,4.958929,682.195238,10.002976,38.257485,265.667,1.8545,424.715
2024-W31,141.708333,5.597619,683.26881,12.717857,24.952381,257.429,1.883429,424.505
2024-W32,118.178571,6.067857,682.148929,11.396429,20.946429,260.143,1.848857,424.688
2024-W33,145.720238,4.858333,682.511369,10.011905,33.559524,264.857,1.868286,421.485
2024-W34,132.5,8.039286,681.69869,9.095238,53.583333,260,1.844333,423.1183333
2024-W35,169.779762,3.656548,682.128631,8.622619,60.724551,262,1.882,420.405
2024-W36,154.017857,4.267857,681.452202,10.718452,31.196429,259.143,1.857,422.955
2024-W37,179.386905,3.07619,679.848155,9.350595,44.197452,261.571,1.883429,421.955
2024-W38,201.154762,2.843452,681.385833,8.377976,54.113208,260,1.9175,421.925
2024-W39,158.005952,3.409524,681.234821,9.659524,39.791667,254.429,1.977,422.07375
2024-W40,149.482143,3.414881,680.61756,9.448214,29.309524,255.857,1.858143,422.2225
2024-W41,204.970238,2.866667,681.531012,7.85119,47.321212,253.571,1.868429,423
2024-W42,178.071429,4.46131,682.196548,8.632143,35.077381,259,1.865857,422.615
2024-W43,172.428571,2.680952,680.408571,8.4,46.481928,251.167,1.878333,422.035
2024-W44,144.315476,5.5375,681.575298,7.936905,47.321429,249.667,1.887833,422.91
2024-W45,155.154762,5.295833,681.690238,7.743452,42.279762,261,1.902833,423.5325
2024-W46,139.886905,9.205357,681.670714,7.677381,21.672619,261.571,1.909714,423.32
2024-W47,168.232143,4.917262,680.375179,6.747619,28.565476,252.429,1.888286,423.775
2024-W48,198.184524,3.335119,679.972024,7.979167,25.660714,258,1.906143,425.04
2024-W49,161.922619,3.02381,681.008988,7.995238,25.184524,250.429,1.905714,425.1
2024-W50,144.869048,7.642857,680.83619,7.716667,20.017857,256,1.975429,424.815
2024-W51,160.809524,3.184524,681.753036,6.99881,36.630952,245.857,1.902143,424.53
2024-W52,156.125,5.869643,682.481131,7.593976,19.113095,251,1.8515,425.475